Flight Number,Code,Departure City,Arrival City,DEP. ICAO,ARR ICAO,Aircraft,Duration,Remarks,LMT
SU150,Historic,Moscow (SVO),Havana (HAV),UUEE,MUHA,A359,14:05,,12/12/2025 3:00pm
SU159,Historic,Cancun (CUN),Moscow (SVO),MMUN,UUEE,A359,13:45,,12/12/2025 3:00pm
SU158,Historic,Moscow (SVO),Cancun (CUN),UUEE,MMUN,A359,13:25,,12/12/2025 3:00pm
SU109,Historic,Miami (MIA),Moscow (SVO),KMIA,UUEE,A359,12:40,,12/12/2025 3:00pm
SU108,Historic,Moscow (SVO),Miami (MIA),UUEE,KMIA,A359,12:40,,12/12/2025 3:00pm
SU151,Historic,HaVana (HAV),Moscow (SVO),MUHA,UUEE,A359,12:35,,12/12/2025 3:00pm
SU296,AFL,Moscow (SVO),Denpasar (DPS),UUEE,WADD,A359,12:35,,12/31/2025 2:42pm
SU297,AFL,Moscow (SVO),Denpasar (DPS),UUEE,WADD,A359,12:25,,12/31/2025 2:58pm
SU156,Historic,Moscow (SVO),Punta Cana (PUJ),UUEE,MDPC,A359,12:15,,12/12/2025 3:00pm
SU154,Historic,Moscow (SVO),Varadero (VRA),UUEE,MUVR,A359,12:15,,12/12/2025 3:00pm
SU247,AFL,Mauritius (MRU),Moscow (SVO),FIMP,UUEE,B77W,11:05,,12/12/2025 3:00pm
SU107,Historic,Los Angeles (LAX),Moscow (SVO),KLAX,UUEE,B77W,11:00,,12/12/2025 3:00pm
SU106,Historic,Moscow (SVO),Los Angeles (LAX),UUEE,KLAX,B77W,11:00,,12/12/2025 3:00pm
SU155,Historic,Varadero (VRA),Moscow (SVO),MUVR,UUEE,A359,10:55,,12/12/2025 3:00pm
SU157,Historic,Punta Cana (PUJ),Moscow (SVO),MDPC,UUEE,A359,10:45,,12/12/2025 3:00pm
SU246,AFL,Moscow (SVO),Mauritius (MRU),UUEE,FIMP,B77W,10:40,,12/12/2025 3:00pm
SU629,Winter,Phuket (HKT),St. Petersburg (LED),VTSP,ULLI,A333,10:40,,12/12/2025 3:00pm
SU104,Historic,Moscow (SVO),Washington Dulles (IAD),UUEE,KIAD,A333,10:35,,12/12/2025 3:00pm
SU225,AFL,Sanya (SYX),Moscow (SVO),ZJSY,UUEE,A333,10:35,,12/12/2025 3:00pm
SU105,Historic,Washington Dulles (IAD),Moscow (SVO),KIAD,UUEE,A333,10:35,,12/12/2025 3:00pm
SU102,Historic,Moscow (SVO),New York (JFK),UUEE,KJFK,"A333,B77W",10:30,,12/12/2025 3:00pm
SU103,Historic,New York (JFK),Moscow (SVO),KJFK,UUEE,"A333,B77W",10:30,,12/12/2025 3:00pm
SU732,Winter,St. Petersburg (LED),Hurghada (HRG),ULLI,HEGN,A333,10:30,,12/12/2025 3:00pm
SU291,Historic,Hanoi (HAN),Moscow (SVO),VVNB,UUEE,B77W,10:20,,12/12/2025 3:00pm
SU277,Winter,Phuket (HKT),Moscow (SVO),VTSP,UUEE,B77W,10:20,,12/12/2025 3:00pm
SU293,AFL,Ho Chi Minh City (SGN),Moscow (SVO),VVTS,UUEE,"A359,B77W",10:10,,12/12/2025 3:00pm
SU628,Winter,St. Petersburg (LED),Phuket (HKT),ULLI,VTSP,A333,10:00,,12/12/2025 3:00pm
SU221,AFL,Guangzhou (CAN),Moscow (SVO),ZGGG,UUEE,B77W,9:50,,12/12/2025 3:00pm
SU213,AFL,Hong Kong (HKG),Moscow (SVO),VHHH,UUEE,A333,9:50,,12/12/2025 3:00pm
SU292,AFL,Moscow (SVO),Ho Chi Minh City (SGN),UUEE,VVTS,"A359,B77W",9:50,,12/12/2025 3:00pm
SU275,AFL,Phuket (HKT),Moscow (SVO),VTSP,UUEE,B77W,9:50,,12/12/2025 3:00pm
SU261,Historic,Tokyo Haneda (HND),Moscow (SVO),RJTT,UUEE,"A333,A359,B77W",9:45,,12/12/2025 3:00pm
SU271,Winter,Bangkok (BKK),Moscow (SVO),VTBS,UUEE,B77W,9:35,,12/12/2025 3:00pm
SU273,AFL,Bangkok (BKK),Moscow (SVO),VTSB,UUEE,B77W,9:35,,12/12/2025 3:00pm
SU212,AFL,Moscow (SVO),Hong Kong (HKG),UUEE,VHHH,A333,9:35,,12/12/2025 3:00pm
SU209,AFL,Shanghai (PVG),Moscow (SVO),ZSPD,UUEE,"A333,B77W",9:30,,12/12/2025 3:00pm
SU251,Historic,Incheon (ICN),Moscow (SVO),RKSI,UUEE,B77W,9:25,,12/12/2025 3:00pm
SU260,Historic,Moscow (SVO),Tokyo Haneda (HND),UUEE,RJTT,"A333,A359,B77W",9:25,,12/12/2025 3:00pm
SU279,AFL,Phuket (HKT),Moscow (SVO),VTSP,UUEE,B77W,9:25,,12/12/2025 3:00pm
SU224,AFL,Moscow (SVO),Sanya (SYX),UUEE,ZJSY,A333,9:20,,12/12/2025 3:00pm
SU245,AFL,Victoria (SEZ),Moscow (SVO),FSIA,UUEE,A333,9:05,,12/12/2025 3:00pm
SU410,Summer,Moscow (SVO),Enfidha Hammamet (NBE),UUEE,DTNH,A333,8:55,,12/12/2025 3:00pm
SU278,AFL,Moscow (SVO),Phuket (HKT),UUEE,VTSP,B77W,8:45,,12/12/2025 3:00pm
SU274,AFL,Moscow (SVO),Phuket (HKT),UUEE,VTSP,B77W,8:40,,12/12/2025 3:00pm
SU653,AFL,Bangkok (BKK),Yekaterinburg (SVX),VTBS,USSS,A333,8:35,,12/12/2025 3:00pm
SU325,Winter,Male (MLE),Moscow (SVO),VRMM,UUEE,B77W,8:35,,12/12/2025 3:00pm
SU220,AFL,Moscow (SVO),Guangzhou (CAN),UUEE,ZGGG,B77W,8:35,,12/12/2025 3:00pm
SU290,Historic,Moscow (SVO),Hanoi (HAN),UUEE,VVNB,B77W,8:35,,12/12/2025 3:00pm
SU244,AFL,Moscow (SVO),Victoria (SEZ),UUEE,FSIA,A333,8:35,,12/12/2025 3:00pm
SU652,AFL,Yekaterinburg (SVX),Bangkok (BKK),USSS,VTBS,A333,8:35,,12/12/2025 3:00pm
SU276,Winter,Moscow (SVO),Phuket (HKT),UUEE,VTSP,B77W,8:30,,12/12/2025 3:00pm
SU1701,AFL,VladiVostok (VVO),Moscow (SVO),UHWW,UUEE,"A359,B77W",8:30,,12/12/2025 3:00pm
SU1703,AFL,VladiVostok (VVO),Moscow (SVO),UHWW,UUEE,"A359,B77W",8:30,,12/12/2025 3:00pm
SU1707,Summer,VladiVostok (VVO),Moscow (SVO),UHWW,UUEE,"A333,A359,B77W",8:30,,12/12/2025 3:00pm
SU1747,Summer,Yuzhno-Sakhalinsk (UUS),Moscow (SVO),UHSS,UUEE,"A333,B77W",8:30,,12/12/2025 3:00pm
SU321,AFL,Male (MLE),Moscow (SVO),VRMM,UUEE,"A359,B77W",8:25,,12/12/2025 3:00pm
SU270,Winter,Moscow (SVO),Bangkok (BKK),UUEE,VTBS,B77W,8:25,,12/12/2025 3:00pm
SU1737,Summer,PetropaVloVsk-Kamchatsky (PKC),Moscow (SVO),UHPP,UUEE,B77W,8:25,,12/12/2025 3:00pm
SU1705,AFL,VladiVostok (VVO),Moscow (SVO),UHWW,UUEE,"A359,B77W",8:25,,12/12/2025 3:00pm
SU1787,AFL,Yuzhno-Sakhalinsk (UUS),Moscow (SVO),UHSS,UUEE,A359,8:25,,12/12/2025 3:00pm
SU217,Historic,Chengdu Shuangliu (CTU),Moscow (SVO),ZUUU,UUEE,A333,8:20,,12/12/2025 3:00pm
SU1719,Summer,KhabaroVsk (KHV),Moscow (SVO),UHHH,UUEE,"A359,B77W",8:20,,12/12/2025 3:00pm
SU272,AFL,Moscow (SVO),Bangkok (BKK),UUEE,VTSB,B77W,8:20,,12/12/2025 3:00pm
SU1731,AFL,PetropaVloVsk-Kamchatsky (PKC),Moscow (SVO),UHPP,UUEE,"A359,B77W",8:20,,12/12/2025 3:00pm
SU1799,Winter,VladiVostok (VVO),Moscow (SVO),UHWW,UUEE,"A359,B77W",8:20,,12/12/2025 3:00pm
SU1743,Summer,Yuzhno-Sakhalinsk (UUS),Moscow (SVO),UHSS,UUEE,"A359,B77W",8:20,,12/12/2025 3:00pm
SU411,Summer,Enfidha Hammamet (NBE),Moscow (SVO),DTNH,UUEE,A333,8:10,,12/12/2025 3:00pm
SU1709,Summer,VladiVostok (VVO),Moscow (SVO),UHWW,UUEE,"A333,A359,B77W",8:10,,12/12/2025 3:00pm
SU1757,AFL,VladiVostok (VVO),Moscow (SVO),UHWW,UUEE,"A359,B77W",8:10,,12/12/2025 3:00pm
SU320,AFL,Moscow (SVO),Male (MLE),UUEE,VRMM,"A359,B77W",8:05,,12/12/2025 3:00pm
SU1746,Summer,Moscow (SVO),Yuzhno-Sakhalinsk (UUS),UUEE,UHSS,"A333,B77W",8:05,,12/12/2025 3:00pm
SU1733,Summer,PetropaVloVsk-Kamchatsky (PKC),Moscow (SVO),UHPP,UUEE,"A359,B77W",8:05,,12/12/2025 3:00pm
SU1745,AFL,Yuzhno-Sakhalinsk (UUS),Moscow (SVO),UHSS,UUEE,B77W,8:05,,12/12/2025 3:00pm
SU205,AFL,Beijing (PKX),Moscow (SVO),ZBAD,UUEE,B77W,8:00,,12/12/2025 3:00pm
SU324,Winter,Moscow (SVO),Male (MLE),UUEE,VRMM,B77W,8:00,,12/12/2025 3:00pm
SU1735,AFL,PetropaVloVsk-Kamchatsky (PKC),Moscow (SVO),UHPP,UUEE,"A359,B77W",8:00,,12/12/2025 3:00pm
SU627,Winter,Phuket (HKT),Yekaterinburg (SVX),VTSP,USSS,A333,8:00,,12/12/2025 3:00pm
SU626,Winter,Yekaterinburg (SVX),Phuket (HKT),USSS,VTSP,A333,8:00,,12/12/2025 3:00pm
SU1713,AFL,KhabaroVsk (KHV),Moscow (SVO),UHHH,UUEE,"A359,B77W",7:50,,12/12/2025 3:00pm
SU250,Historic,Moscow (SVO),Incheon (ICN),UUEE,RKSI,B77W,7:50,,12/12/2025 3:00pm
SU1736,Summer,Moscow (SVO),Petropavlovsk-Kamchatsky (PKC),UUEE,UHPP,B77W,7:50,,12/12/2025 3:00pm
SU1734,AFL,Moscow (SVO),Petropavlovsk-Kamchatsky (PKC),UUEE,UHPP,"A359,B77W",7:50,,12/12/2025 3:00pm
SU1730,AFL,Moscow (SVO),Petropavlovsk-Kamchatsky (PKC),UUEE,UHPP,"A359,B77W",7:50,,12/12/2025 3:00pm
SU208,AFL,Moscow (SVO),Shanghai (PVG),UUEE,ZSPD,"A333,B77W",7:50,,12/12/2025 3:00pm
SU2548,Historic,Moscow (SVO),Tenerife (TFS),UUEE,GCTS,A20N,7:50,,12/12/2025 3:00pm
SU2549,Historic,Tenerife (TFS),Moscow (SVO),GCTS,UUEE,A20N,7:50,,12/12/2025 3:00pm
SU1715,Summer,KhabaroVsk (KHV),Moscow (SVO),UHHH,UUEE,"A359,B77W",7:45,,12/12/2025 3:00pm
SU1711,AFL,KhabaroVsk (KHV),Moscow (SVO),UHHH,UUEE,"A333,A359,B77W",7:45,,12/12/2025 3:00pm
SU1732,Summer,Moscow (SVO),Petropavlovsk-Kamchatsky (PKC),UUEE,UHPP,"A359,B77W",7:45,,12/12/2025 3:00pm
SU1798,Winter,Moscow (SVO),Vladivostok (VVO),UUEE,UHWW,"A359,B77W",7:45,,12/12/2025 3:00pm
SU1744,AFL,Moscow (SVO),Yuzhno-Sakhalinsk (UUS),UUEE,UHSS,B77W,7:45,,12/12/2025 3:00pm
SU1708,Summer,Moscow (SVO),Vladivostok (VVO),UUEE,UHWW,"A333,A359,B77W",7:40,,12/12/2025 3:00pm
SU1700,AFL,Moscow (SVO),Vladivostok (VVO),UUEE,UHWW,"A359,B77W",7:40,,12/12/2025 3:00pm
SU1790,AFL,Moscow (SVO),Vladivostok (VVO),UUEE,UHWW,A359,7:35,,12/12/2025 3:00pm
SU657,Summer,Phuket (HKT),Khabarovsk (KHV),VTSP,UHHH,B77W,7:35,,12/12/2025 3:00pm
SU1702,AFL,Moscow (SVO),Vladivostok (VVO),UUEE,UHWW,"A359,B77W",7:30,,12/12/2025 3:00pm
SU1704,AFL,Moscow (SVO),Vladivostok (VVO),UUEE,UHWW,"A359,B77W",7:30,,12/12/2025 3:00pm
SU1786,AFL,Moscow (SVO),Yuzhno-Sakhalinsk (UUS),UUEE,UHSS,A359,7:30,,12/12/2025 3:00pm
SU237,AFL,Goa (GOI),Moscow (SVO),VOGO,UUEE,A333,7:25,,12/12/2025 3:00pm
SU1706,Summer,Moscow (SVO),Vladivostok (VVO),UUEE,UHWW,"A333,A359,B77W",7:25,,12/12/2025 3:00pm
SU656,Summer,KhabaroVsk (KHV),Phuket (HKT),UHHH,VTSP,B77W,7:20,,12/12/2025 3:00pm
SU216,Historic,Moscow (SVO),Chengdu Shuangliu (CTU),UUEE,ZUUU,A333,7:20,,12/12/2025 3:00pm
SU1742,Summer,Moscow (SVO),Yuzhno-Sakhalinsk (UUS),UUEE,UHSS,"A359,B77W",7:20,,12/12/2025 3:00pm
SU825,Summer,Phuket (HKT),Novosibirsk (OVB),VTSP,UHWW,B77W,7:20,,12/12/2025 3:00pm
SU637,AFL,Phuket (HKT),Novosibirsk (OVB),VTSP,UHWW,B77W,7:20,,12/12/2025 3:00pm
SU643,AFL,KhabaroVsk (KHV),Phuket (HKT),UHHH,VTSP,"B77W,A359",7:10,,12/12/2025 3:00pm
SU636,AFL,NoVosibirsk (OVB),Phuket (HKT),UNNT,VTSP,B77W,7:00,,12/12/2025 3:00pm
SU642,AFL,Phuket (HKT),Khabarovsk (KHV),VTSP,UHHH,B77W,7:00,,12/12/2025 3:00pm
SU647,AFL,Bangkok (BKK),Novosibirsk (OVB),VTBS,UNNT,"A333,B738",6:55,,12/12/2025 3:00pm
SU236,AFL,Moscow (SVO),Goa (GOI),UUEE,VOGO,A333,6:55,,12/12/2025 3:00pm
SU1712,AFL,Moscow (SVO),Khabarovsk (KHV),UUEE,UHHH,"A359,B77W",6:55,,12/12/2025 3:00pm
SU1718,Summer,Moscow (SVO),Khabarovsk (KHV),UUEE,UHHH,"A359,B77W",6:55,,12/12/2025 3:00pm
SU651,AFL,Bangkok (BKK),Novosibirsk (OVB),VTBS,UNNT,"A333,B738",6:50,,12/12/2025 3:00pm
SU824,Summer,NoVosibirsk (OVB),Phuket (HKT),UNNT,VTSP,B77W,6:50,,12/12/2025 3:00pm
SU655,AFL,Bangkok (BKK),Khabarovsk (KHV),VTBS,UHHH,A333,6:45,,12/12/2025 3:00pm
SU634,AFL,Krasnoyarsk (KJA),Phuket (HKT),UNKL,VTSP,B77W,6:45,,12/12/2025 3:00pm
SU1710,AFL,Moscow (SVO),Khabarovsk (KHV),UUEE,UHHH,"A333,A359,B77W",6:45,,12/12/2025 3:00pm
SU1714,Summer,Moscow (SVO),Khabarovsk (KHV),UUEE,UHHH,"A359,B77W",6:45,,12/12/2025 3:00pm
SU635,AFL,Phuket (HKT),Krasnoyarsk (KJA),VTSP,UNKL,B77W,6:45,,12/12/2025 3:00pm
SU720,Historic,St. Petersburg (LED),Tashkent (TAS),ULLI,UTTT,A320,6:45,,12/12/2025 3:00pm
SU331,Historic,Ulaanbaatar (UBN),Moscow (SVO),ZMCK,UUEE,B738,6:45,,12/12/2025 3:00pm
SU638,AFL,VladiVostok (VVO),Phuket (HKT),UHWW,VTSP,B77W,6:45,,12/12/2025 3:00pm
SU1751,AFL,Yakutsk (YKS),Moscow (SVO),UEEE,UUEE,B738,6:45,,12/12/2025 3:00pm
SU654,AFL,KhabaroVsk (KHV),Bangkok (BKK),UHHH,VTBS,A333,6:40,,12/12/2025 3:00pm
SU815,AFL,Bangkok (BKK),Krasnoyarsk (KJA),VTBS,UNKL,"A333,B738",6:35,,12/12/2025 3:00pm
SU204,AFL,Moscow (SVO),Beijing (PKX),UUEE,ZBAD,B77W,6:35,,12/12/2025 3:00pm
SU660,AFL,Irkutsk (IKT),Phuket (HKT),UIII,VTSP,"A321,A21N",6:30,,12/12/2025 3:00pm
SU650,AFL,NoVosibirsk (OVB),Bangkok (BKK),UNNT,VTBS,"A333,B738",6:30,,12/12/2025 3:00pm
SU646,AFL,NoVosibirsk (OVB),Bangkok (BKK),UNNT,VTBS,"A333,B738",6:30,,12/12/2025 3:00pm
SU661,AFL,Phuket (HKT),Irkutsk (IKT),VTSP,UIII,"A321,A21N",6:30,,12/12/2025 3:00pm
SU639,AFL,Phuket (HKT),Vladivostok (VVO),VTSP,UHWW,B77W,6:30,,12/12/2025 3:00pm
SU644,AFL,VladiVostok (VVO),Bangkok (BKK),UHWW,VTBS,"B738,B77W",6:25,,12/12/2025 3:00pm
SU233,AFL,Delhi (DEL),Moscow (SVO),VIDP,UUEE,"A333,A359,B77W",6:20,,12/12/2025 3:00pm
SU814,AFL,Krasnoyarsk (KJA),Bangkok (BKK),UNKL,VTBS,"A333,B738",6:20,,12/12/2025 3:00pm
SU802,Summer,NoVosibirsk (OVB),Antalya (AYT),UNNT,LTAI,B738,6:20,,12/12/2025 3:00pm
SU734,Winter,St. Petersburg (LED),Sharm el-Sheikh (SSH),ULLI,HESH,A333,6:20,,12/12/2025 3:00pm
SU733,Winter,Hurghada (HRG),St. Petersburg (LED),HEGN,ULLI,A333,6:15,,12/12/2025 3:00pm
SU1753,AFL,Yakutsk (YKS),Moscow (SVO),UEEE,UUEE,B738,6:15,,12/12/2025 3:00pm
SU633,AFL,Goa (GOI),Yekaterinburg (SVX),VOGO,USSS,B738,6:10,,12/12/2025 3:00pm
SU500,Historic,Moscow (SVO),Tel Aviv (TLV),UUEE,LLBG,"A321,A333,B738,B77W",6:10,,12/12/2025 3:00pm
SU501,Historic,Tel AViV (TLV),Moscow (SVO),LLBG,UUEE,"A321,A333,B738,B77W",6:10,,12/12/2025 3:00pm
SU632,AFL,Yekaterinburg (SVX),Goa (GOI),USSS,VOGO,B738,6:10,,12/12/2025 3:00pm
SU1441,Summer,Irkutsk (IKT),Moscow (SVO),UIII,UUEE,B738,6:05,,12/12/2025 3:00pm
SU1445,AFL,Irkutsk (IKT),Moscow (SVO),UIII,UUEE,B738,6:05,,12/12/2025 3:00pm
SU1750,AFL,Moscow (SVO),Yakutsk (YKS),UUEE,UEEE,B738,6:05,,12/12/2025 3:00pm
SU1752,AFL,Moscow (SVO),Yakutsk (YKS),UUEE,UEEE,B738,6:05,,12/12/2025 3:00pm
SU1447,AFL,Irkutsk (IKT),Moscow (SVO),UIII,UUEE,B738,6:00,,12/12/2025 3:00pm
SU1443,AFL,Irkutsk (IKT),Moscow (SVO),UIII,UUEE,B738,6:00,,12/12/2025 3:00pm
SU1563,AFL,Irkutsk (IKT),Moscow (SVO),UIII,UUEE,B738,6:00,,12/12/2025 3:00pm
SU429,Winter,Sharm el-Sheikh (SSH),Moscow (SVO),HESH,UUEE,B738,6:00,,12/12/2025 3:00pm
SU659,AFL,Bangkok (BKK),Irkutsk (IKT),VTSP,UIII,B738,5:55,,12/12/2025 3:00pm
SU425,Winter,Hurghada (HRG),Moscow (SVO),HEGN,UUEE,B738,5:55,,12/12/2025 3:00pm
SU1565,Winter,Irkutsk (IKT),Moscow (SVO),UIII,UUEE,B738,5:55,,12/12/2025 3:00pm
SU510,Historic,Moscow (SVO),Beirut (BEY),UUEE,OLBA,"A20N,B738",5:55,,12/12/2025 3:00pm
SU424,Winter,Moscow (SVO),Hurghada (HRG),UUEE,HEGN,B738,5:55,,12/12/2025 3:00pm
SU645,AFL,Bangkok (BKK),Vladivostok (VVO),VTBS,UHWW,"B738,B77W",5:50,,12/12/2025 3:00pm
SU523,Summer,Dubai (DWC),Moscow (SVO),OMDW,UUEE,B738,5:50,,12/12/2025 3:00pm
SU658,AFL,Irkutsk (IKT),Bangkok (BKK),UIII,VTSP,B738,5:50,,12/12/2025 3:00pm
SU2896,Historic,Krasnoyarsk (KJA),Sochi (AER),UNKL,URSS,B738,5:50,,12/12/2025 3:00pm
SU428,Winter,Moscow (SVO),Sharm el-Sheikh (SSH),UUEE,HESH,B738,5:50,,12/12/2025 3:00pm
SU2897,Historic,Sochi (AER),Krasnoyarsk (KJA),URSS,UNKL,B738,5:50,,12/12/2025 3:00pm
SU531,Winter,Abu Dhabi (AUH),Moscow (SVO),OMAA,UUEE,B738,5:45,,12/12/2025 3:00pm
SU701,Historic,Issyk-Kul (IKU),St. Petersburg (LED),UCFL,ULLI,A320,5:45,,12/12/2025 3:00pm
SU2607,Historic,Lisbon (LIS),Moscow (SVO),LPPT,UUEE,B738,5:45,,12/12/2025 3:00pm
SU2501,Historic,Madrid (MAD),Moscow (SVO),LEMD,UUEE,"A20N,B738",5:45,,12/12/2025 3:00pm
SU2500,Historic,Moscow (SVO),Madrid (MAD),UUEE,LEMD,"A20N,B738",5:45,,12/12/2025 3:00pm
SU528,Historic,Moscow (SVO),Sharjah (SHJ),UUEE,OMSJ,B738,5:45,,12/12/2025 3:00pm
SU426,AFL,Moscow (SVO),Sharm el-Sheikh (SSH),UUEE,HESH,"A333,B77W",5:45,,12/12/2025 3:00pm
SU330,Historic,Moscow (SVO),Ulaanbaatar (UBN),UUEE,ZMCK,B738,5:45,,12/12/2025 3:00pm
SU529,Historic,Sharjah (SHJ),Moscow (SVO),OMSJ,UUEE,B738,5:45,,12/12/2025 3:00pm
SU422,AFL,Moscow (SVO),Hurghada (HRG),UUEE,HEGN,"A333,B77W",5:40,,12/12/2025 3:00pm
SU807,Summer,NoVosibirsk (OVB),Antalya (AYT),UNNT,LTAI,B738,5:40,,12/12/2025 3:00pm
SU427,AFL,Sharm el-Sheikh (SSH),Moscow (SVO),HESH,UUEE,"A333,B77W",5:40,,12/12/2025 3:00pm
SU2521,Historic,Malaga (AGP),Moscow (SVO),LEMG,UUEE,B738,5:35,,12/12/2025 3:00pm
SU2520,Historic,Moscow (SVO),Malaga (AGP),UUEE,LEMG,B738,5:35,,12/12/2025 3:00pm
SU603,Historic,Namangan (NMA),St. Petersburg (LED),UTFN,ULLI,A320,5:35,,12/12/2025 3:00pm
SU602,Historic,St. Petersburg (LED),Namangan (NMA),ULLI,UTFN,A320,5:35,,12/12/2025 3:00pm
SU401,AFL,Cairo (CAI),Moscow (SVO),HECA,UUEE,B738,5:30,,12/12/2025 3:00pm
SU400,AFL,Moscow (SVO),Cairo (CAI),UUEE,HECA,B738,5:30,,12/12/2025 3:00pm
SU2076,Historic,Moscow (SVO),Paphos (PFO),UUEE,LCPH,B738,5:30,,12/12/2025 3:00pm
SU2502,Historic,Moscow (SVO),Valencia (VLC),UUEE,LEVC,A20N,5:30,,12/12/2025 3:00pm
SU2077,Historic,Paphos (PFO),Moscow (SVO),LCPH,UUEE,B738,5:30,,12/12/2025 3:00pm
SU2503,Historic,Valencia (VLC),Moscow (SVO),LEVC,UUEE,A20N,5:30,,12/12/2025 3:00pm
SU791,Summer,Antalya (AYT),St. Petersburg (LED),LTAI,ULLI,B738,5:25,,12/12/2025 3:00pm
SU527,Winter,Dubai (DXB),Moscow (SVO),OMDB,UUEE,"A333,B738,B77W",5:25,,12/12/2025 3:00pm
SU232,AFL,Moscow (SVO),Delhi (DEL),UUEE,VIDP,"A333,A359,B77W",5:25,,12/12/2025 3:00pm
SU790,Summer,St. Petersburg (LED),Antalya (AYT),ULLI,LTAI,B738,5:25,,12/12/2025 3:00pm
SU700,Historic,St. Petersburg (LED),Issyk-Kul (IKU),ULLI,UCFL,A320,5:25,,12/12/2025 3:00pm
SU803,Summer,Antalya (AYT),Novosibirsk (OVB),LTAI,UNNT,B738,5:20,,12/12/2025 3:00pm
SU525,AFL,Dubai (DXB),Moscow (SVO),OMDB,UUEE,B738,5:20,,12/12/2025 3:00pm
SU416,Historic,Moscow (SVO),Casablanca (CMN),UUEE,GMMN,"A20N,A333",5:20,,12/12/2025 3:00pm
SU722,Summer,St. Petersburg (LED),Istanbul (IST),ULLI,LTFM,B738,5:20,,12/12/2025 3:00pm
SU521,AFL,Dubai (DXB),Moscow (SVO),OMDB,UUEE,"A333,B77W",5:15,,12/12/2025 3:00pm
SU2849,Historic,Krasnodar (KRR),Krasnoyarsk (KJA),URKK,UNKL,B738,5:15,,12/12/2025 3:00pm
SU2848,Historic,Krasnoyarsk (KJA),Krasnodar (KRR),UNKL,URKK,B738,5:15,,12/12/2025 3:00pm
SU788,Summer,St. Petersburg (LED),Antalya (AYT),ULLI,LTAI,B738,5:15,,12/12/2025 3:00pm
SU2850,Historic,St. Petersburg (LED),Paphos (PFO),ULLI,LCPH,A320,5:15,,12/12/2025 3:00pm
SU1442,AFL,Moscow (SVO),Irkutsk (IKT),UUEE,UIII,B738,5:10,,12/12/2025 3:00pm
SU1562,AFL,Moscow (SVO),Irkutsk (IKT),UUEE,UIII,B738,5:10,,12/12/2025 3:00pm
SU2946,Historic,NoVosibirsk (OVB),Simferopol (SIP),UNNT,URFF,A320,5:10,,12/12/2025 3:00pm
SU842,Historic,NoVosibirsk (OVB),Yerevan (EVN),UNNT,UDYZ,B738,5:10,,12/12/2025 3:00pm
SU2947,Historic,Simferopol (SIP),Novosibirsk (OVB),URFF,UNNT,A320,5:10,,12/12/2025 3:00pm
SU721,Historic,Tashkent (TAS),St. Petersburg (LED),UTTT,ULLI,A320,5:10,,12/12/2025 3:00pm
SU843,Historic,YereVan (EVN),Novosibirsk (OVB),UDYZ,UNNT,B738,5:10,,12/12/2025 3:00pm
SU1941,AFL,Almaty (ALA),Moscow (SVO),UAAA,UUEE,"A320,A321,A333",5:05,,12/12/2025 3:00pm
SU1971,AFL,Fergana (FEG),Moscow (SVO),UTFF,UUEE,B738,5:05,,12/12/2025 3:00pm
SU723,Summer,Istanbul (IST),St. Petersburg (LED),LTFM,ULLI,B738,5:05,,12/12/2025 3:00pm
SU530,Winter,Moscow (SVO),Abu Dhabi (AUH),UUEE,OMAA,B738,5:05,,12/12/2025 3:00pm
SU1444,AFL,Moscow (SVO),Irkutsk (IKT),UUEE,UIII,B738,5:05,,12/12/2025 3:00pm
SU1564,Winter,Moscow (SVO),Irkutsk (IKT),UUEE,UIII,B738,5:05,,12/12/2025 3:00pm
SU2172,Summer,Moscow (SVO),Istanbul (IST),UUEE,LTFM,"A320,A321,B738",5:05,,12/12/2025 3:00pm
SU2606,Historic,Moscow (SVO),Lisbon (LIS),UUEE,LPPT,B738,5:05,,12/12/2025 3:00pm
SU417,Historic,Casablanca (CMN),Moscow (SVO),GMMN,UUEE,"A20N,A333",5:00,,12/12/2025 3:00pm
SU522,Summer,Moscow (SVO),Dubai (DWC),UUEE,OMDW,B738,5:00,,12/12/2025 3:00pm
SU524,AFL,Moscow (SVO),Dubai (DXB),UUEE,OMDB,B738,5:00,,12/12/2025 3:00pm
SU1440,Summer,Moscow (SVO),Irkutsk (IKT),UUEE,UIII,B738,5:00,,12/12/2025 3:00pm
SU1479,AFL,Abakan (ABA),Moscow (SVO),UNAA,UUEE,"A320,A20N,A321",4:55,,12/12/2025 3:00pm
SU1489,Winter,Krasnoyarsk (KJA),Moscow (SVO),UNKL,UUEE,"A320,A20N,A321",4:55,,12/12/2025 3:00pm
SU2120,Summer,Moscow (SVO),Bodrum (BJV),UUEE,LTFE,B738,4:55,,12/12/2025 3:00pm
SU2122,AFL,Moscow (SVO),Dalaman (DLM),UUEE,LTBS,"A20N,B738",4:55,,12/12/2025 3:00pm
SU526,Winter,Moscow (SVO),Dubai (DXB),UUEE,OMDB,"A333,B738,B77W",4:55,,12/12/2025 3:00pm
SU630,AFL,Yekaterinburg (SVX),Istanbul (IST),USSS,LTFM,B738,4:55,,12/12/2025 3:00pm
SU2523,Historic,Alicante (ALC),Moscow (SVO),LEAL,UUEE,B738,4:50,,12/12/2025 3:00pm
SU1943,AFL,Almaty (ALA),Moscow (SVO),UAAA,UUEE,"A320,A321",4:50,,12/12/2025 3:00pm
SU789,Summer,Antalya (AYT),St. Petersburg (LED),LTAI,ULLI,B738,4:50,,12/12/2025 3:00pm
SU2119,Summer,Bodrum (BJV),Moscow (SVO),LTFE,UUEE,B738,4:50,,12/12/2025 3:00pm
SU423,AFL,Hurghada (HRG),Moscow (SVO),HEGN,UUEE,"A333,B77W",4:50,,12/12/2025 3:00pm
SU1487,AFL,Krasnoyarsk (KJA),Moscow (SVO),UNKL,UUEE,"A320,A20N,A321,A333,A359,B738",4:50,,12/12/2025 3:00pm
SU1481,AFL,Krasnoyarsk (KJA),Moscow (SVO),UNKL,UUEE,"A320,A20N,A321,A21N",4:50,,12/12/2025 3:00pm
SU1485,AFL,Krasnoyarsk (KJA),Moscow (SVO),UNKL,UUEE,"A320,A20N,A321,B738",4:50,,12/12/2025 3:00pm
SU2522,Historic,Moscow (SVO),Alicante (ALC),UUEE,LEAL,B738,4:50,,12/12/2025 3:00pm
SU2118,Summer,Moscow (SVO),Bodrum (BJV),UUEE,LTFE,B738,4:50,,12/12/2025 3:00pm
SU520,AFL,Moscow (SVO),Dubai (DXB),UUEE,OMDB,"A333,B77W",4:50,,12/12/2025 3:00pm
SU1947,AFL,Almaty (ALA),Moscow (SVO),UAAA,UUEE,A320,4:45,,12/12/2025 3:00pm
SU2123,AFL,Dalaman (DLM),Moscow (SVO),LTBS,UUEE,"A20N,B738",4:45,,12/12/2025 3:00pm
SU1483,AFL,Krasnoyarsk (KJA),Moscow (SVO),UNKL,UUEE,"A320,A321,B738",4:45,,12/12/2025 3:00pm
SU2136,AFL,Moscow (SVO),Istanbul (IST),UUEE,LTFM,B738,4:45,,12/12/2025 3:00pm
SU1895,AFL,Osh (OSS),Moscow (SVO),UCFO,UUEE,"A321,A21N",4:45,,12/12/2025 3:00pm
SU792,Summer,Yekaterinburg (SVX),Antalya (AYT),USSS,LTAI,B738,4:45,,12/12/2025 3:00pm
SU2125,Summer,Antalya (AYT),Moscow (SVO),LTAI,UUEE,"A321,A333,B738,B77W",4:40,,12/12/2025 3:00pm
SU808,Summer,Antalya (AYT),Novosibirsk (OVB),LTAI,UNNT,B738,4:40,,12/12/2025 3:00pm
SU2121,Summer,Bodrum (BJV),Moscow (SVO),LTFE,UUEE,B738,4:40,,12/12/2025 3:00pm
SU1525,AFL,Gorno-Altaysk (RGK),Moscow (SVO),UNBG,UUEE,"A321,B738",4:40,,12/12/2025 3:00pm
SU2142,AFL,Moscow (SVO),Antalya (AYT),UUEE,LTAI,"A20N,A359,B738",4:40,,12/12/2025 3:00pm
SU2140,Winter,Moscow (SVO),Istanbul (IST),UUEE,LTFM,B738,4:40,,12/12/2025 3:00pm
SU2130,AFL,Moscow (SVO),Istanbul (IST),UUEE,LTFM,B738,4:40,,12/12/2025 3:00pm
SU2132,AFL,Moscow (SVO),Istanbul (IST),UUEE,LTFM,"A321,B738",4:40,,12/12/2025 3:00pm
SU2138,AFL,Moscow (SVO),Istanbul (IST),UUEE,LTFM,B738,4:40,,12/12/2025 3:00pm
SU1097,AFL,NoVokuznetsk (NOZ),Moscow (SVO),UNWW,UUEE,B738,4:40,,12/12/2025 3:00pm
SU2851,Historic,Paphos (PFO),St. Petersburg (LED),LCPH,ULLI,A320,4:40,,12/12/2025 3:00pm
SU1975,Winter,Tashkent (TAS),Moscow (SVO),UTTT,UUEE,B738,4:40,,12/12/2025 3:00pm
SU2143,AFL,Antalya (AYT),Moscow (SVO),LTAI,UUEE,"A20N,A359,B738",4:35,,12/12/2025 3:00pm
SU2147,AFL,Antalya (AYT),Moscow (SVO),LTAI,UUEE,"A320,A20N,A333,B738,B77W",4:35,,12/12/2025 3:00pm
SU1881,AFL,Bishkek (FRU),Moscow (SVO),UCFM,UUEE,A321,4:35,,12/12/2025 3:00pm
SU2151,Summer,Izmir (ADB),Moscow (SVO),LTBJ,UUEE,B738,4:35,,12/12/2025 3:00pm
SU2150,Summer,Moscow (SVO),Izmir (ADB),UUEE,LTBJ,B738,4:35,,12/12/2025 3:00pm
SU1459,AFL,NoVokuznetsk (NOZ),Moscow (SVO),UNWW,UUEE,"A320,A20N,A321,B738",4:35,,12/12/2025 3:00pm
SU793,Summer,Antalya (AYT),Yekaterinburg (SVX),LTAI,USSS,B738,4:30,,12/12/2025 3:00pm
SU2505,Historic,Barcelona (BCN),Moscow (SVO),LEBL,UUEE,"A320,A321",4:30,,12/12/2025 3:00pm
SU2146,AFL,Moscow (SVO),Antalya (AYT),UUEE,LTAI,"A320,A20N,A333,B738,B77W",4:30,,12/12/2025 3:00pm
SU2504,Historic,Moscow (SVO),Barcelona (BCN),UUEE,LEBL,"A320,A321",4:30,,12/12/2025 3:00pm
SU2134,AFL,Moscow (SVO),Istanbul (IST),UUEE,LTFM,"A320,A333,B738,B77W",4:30,,12/12/2025 3:00pm
SU2968,Historic,Murmansk (MMK),Simferopol (SIP),ULMM,URFF,A320,4:30,,12/12/2025 3:00pm
SU1899,Summer,Osh (OSS),Moscow (SVO),UCFO,UUEE,"A321,A21N",4:30,,12/12/2025 3:00pm
SU2871,Historic,Samarkand (SKD),St. Petersburg (LED),UTSS,ULLI,A320,4:30,,12/12/2025 3:00pm
SU1951,Winter,Shymkent (CIT),Moscow (SVO),UAII,UUEE,A320,4:30,,12/12/2025 3:00pm
SU2880,Summer,Sochi (AER),Syktyvkar (SCW),URSS,UUYY,A320,4:30,,12/12/2025 3:00pm
SU2870,Historic,St. Petersburg (LED),Samarkand (SKD),ULLI,UTSS,A320,4:30,,12/12/2025 3:00pm
SU2881,Summer,SyktyVkar (SCW),Sochi (AER),UUYY,URSS,A320,4:30,,12/12/2025 3:00pm
SU1883,AFL,Bishkek (FRU),Moscow (SVO),UCFM,UUEE,A321,4:25,,12/12/2025 3:00pm
SU1887,AFL,Bishkek (FRU),Moscow (SVO),UCFM,UUEE,"A321,A359",4:25,,12/12/2025 3:00pm
SU837,Historic,Bukhara (BHK),Krasnoyarsk (KJA),UTSB,UNKL,B738,4:25,,12/12/2025 3:00pm
SU2591,Historic,Dublin (DUB),Moscow (SVO),EIDW,UUEE,A320,4:25,,12/12/2025 3:00pm
SU2137,AFL,Istanbul (IST),Moscow (SVO),LTFM,UUEE,B738,4:25,,12/12/2025 3:00pm
SU2131,AFL,Istanbul (IST),Moscow (SVO),LTFM,UUEE,B738,4:25,,12/12/2025 3:00pm
SU2141,Winter,Istanbul (IST),Moscow (SVO),LTFM,UUEE,B738,4:25,,12/12/2025 3:00pm
SU2133,AFL,Istanbul (IST),Moscow (SVO),LTFM,UUEE,"A321,B738",4:25,,12/12/2025 3:00pm
SU794,Summer,Kazan (KZN),Antalya (AYT),UWKD,LTAI,B738,4:25,,12/12/2025 3:00pm
SU1451,AFL,KemeroVo (KEJ),Moscow (SVO),UNEE,UUEE,"A320,A20N,A321,A21N",4:25,,12/12/2025 3:00pm
SU1457,AFL,KemeroVo (KEJ),Moscow (SVO),UNEE,UUEE,"A320,A20N,A321",4:25,,12/12/2025 3:00pm
SU2909,Historic,Krasnodar (KRR),Novosibirsk (OVB),URKK,UNNT,A320,4:25,,12/12/2025 3:00pm
SU836,Historic,Krasnoyarsk (KJA),Bukhara (BHK),UNKL,UTSB,B738,4:25,,12/12/2025 3:00pm
SU2152,AFL,Moscow (SVO),Adana (ADA),UUEE,LTAF,"A320,A20N",4:25,,12/12/2025 3:00pm
SU2590,Historic,Moscow (SVO),Dublin (DUB),UUEE,EIDW,A320,4:25,,12/12/2025 3:00pm
SU2170,Winter,Moscow (SVO),Istanbul (IST),UUEE,LTFM,B738,4:25,,12/12/2025 3:00pm
SU800,Summer,Nizhny NoVgorod (GOJ),Antalya (AYT),UWGG,LTAI,B738,4:25,,12/12/2025 3:00pm
SU2908,Historic,NoVosibirsk (OVB),Krasnodar (KRR),UNNT,URKK,A320,4:25,,12/12/2025 3:00pm
SU2875,Historic,NoVosibirsk (OVB),St. Petersburg (LED),UNNT,ULLI,A320,4:25,,12/12/2025 3:00pm
SU1539,Winter,Tomsk (TOF),Moscow (SVO),UNTT,UUEE,B738,4:25,,12/12/2025 3:00pm
SU798,Summer,Ufa (UFA),Antalya (AYT),UWUU,LTAI,B738,4:25,,12/12/2025 3:00pm
SU704,Historic,Kazan (KZN),Frankfurt (FRA),UWKD,EDDF,A321,4:20,,12/12/2025 3:00pm
SU2807,Summer,Krasnoyarsk (KJA),St. Petersburg (LED),UNKL,ULLI,A320,4:20,,12/12/2025 3:00pm
SU2806,Summer,St. Petersburg (LED),Krasnoyarsk (KJA),ULLI,UNKL,A320,4:20,,12/12/2025 3:00pm
SU1531,AFL,Tomsk (TOF),Moscow (SVO),UNTT,UUEE,"A321,A21N,B738",4:20,,12/12/2025 3:00pm
SU605,Historic,Urgench (UGC),St. Petersburg (LED),UTNU,ULLI,A320,4:20,,12/12/2025 3:00pm
SU1431,AFL,Barnaul (BAX),Moscow (SVO),UNBB,UUEE,"A320,A20N,A321",4:15,,12/12/2025 3:00pm
SU1893,Summer,Issyk-Kul (IKU),Moscow (SVO),UCFL,UUEE,"A320,A20N",4:15,,12/12/2025 3:00pm
SU631,AFL,Istanbul (IST),Yekaterinburg (SVX),LTFM,USSS,B738,4:15,,12/12/2025 3:00pm
SU2903,Historic,Krasnodar (KRR),Tyumen (TJM),URKK,USTR,A320,4:15,,12/12/2025 3:00pm
SU838,Historic,Krasnoyarsk (KJA),Samarkand (SKD),UNKL,UTSS,B738,4:15,,12/12/2025 3:00pm
SU1892,Summer,Moscow (SVO),Issyk-Kul (IKU),UUEE,UCFL,"A320,A20N",4:15,,12/12/2025 3:00pm
SU2920,Historic,Murmansk (MMK),Sochi (AER),ULMM,URSS,A320,4:15,,12/12/2025 3:00pm
SU1463,Summer,NoVosibirsk (OVB),Moscow (SVO),UNNT,UUEE,"A320,A20N,A321,B738",4:15,,12/12/2025 3:00pm
SU1309,AFL,NoVosibirsk (OVB),Moscow (SVO),UNNT,UUEE,B738,4:15,,12/12/2025 3:00pm
SU839,Historic,Samarkand (SKD),Krasnoyarsk (KJA),UTSS,UNKL,B738,4:15,,12/12/2025 3:00pm
SU1875,Winter,Samarkand (SKD),Moscow (SVO),UTSS,UUEE,B738,4:15,,12/12/2025 3:00pm
SU2921,Historic,Sochi (AER),Murmansk (MMK),URSS,ULMM,A320,4:15,,12/12/2025 3:00pm
SU1873,AFL,Tashkent (TAS),Moscow (SVO),UTTT,UUEE,B738,4:15,,12/12/2025 3:00pm
SU1891,AFL,Tashkent (TAS),Moscow (SVO),UTTT,UUEE,"A333,A359",4:15,,12/12/2025 3:00pm
SU1537,Summer,Tomsk (TOF),Moscow (SVO),UNTT,UUEE,"A320,A321,B738",4:15,,12/12/2025 3:00pm
SU2902,Historic,Tyumen (TJM),Krasnodar (KRR),USTR,URKK,A320,4:15,,12/12/2025 3:00pm
SU2149,Summer,Antalya (AYT),Moscow (SVO),LTAI,UUEE,"A333,B77W",4:10,,12/12/2025 3:00pm
SU799,Summer,Antalya (AYT),Ufa (UFA),LTAI,UWUU,B738,4:10,,12/12/2025 3:00pm
SU2111,Historic,Athens (ATH),Moscow (SVO),LGAV,UUEE,A321 B77W,4:10,,12/12/2025 3:00pm
SU2171,Winter,Istanbul (IST),Moscow (SVO),LTFM,UUEE,B738,4:10,,12/12/2025 3:00pm
SU2135,AFL,Istanbul (IST),Moscow (SVO),LTFM,UUEE,"A320,A333,B738,B77W",4:10,,12/12/2025 3:00pm
SU2110,Historic,Moscow (SVO),Athens (ATH),UUEE,LGAV,A321 B77W,4:10,,12/12/2025 3:00pm
SU2378,Historic,Moscow (SVO),Marseille (MRS),UUEE,LFML,A320,4:10,,12/12/2025 3:00pm
SU2480,Historic,Moscow (SVO),Naples (NAP),UUEE,LIRN,"A320,SU95",4:10,,12/12/2025 3:00pm
SU2390,Historic,Moscow (SVO),Zurich (ZRH),UUEE,LSZH,"A321,B738",4:10,,12/12/2025 3:00pm
SU2481,Historic,Naples (NAP),Moscow (SVO),LIRN,UUEE,"A320,SU95",4:10,,12/12/2025 3:00pm
SU1307,AFL,NoVosibirsk (OVB),Moscow (SVO),UNNT,UUEE,"A320,A20N,A321,A21N,A333,B738",4:10,,12/12/2025 3:00pm
SU1461,AFL,NoVosibirsk (OVB),Moscow (SVO),UNNT,UUEE,"A320,A20N,A321,A21N,B738",4:10,,12/12/2025 3:00pm
SU1879,Summer,Samarkand (SKD),Moscow (SVO),UTSS,UUEE,"A320,B738",4:10,,12/12/2025 3:00pm
SU2943,Historic,Simferopol (SIP),Tyumen (TJM),URFF,USTR,A320,4:10,,12/12/2025 3:00pm
SU604,Historic,St. Petersburg (LED),Urgench (UGC),ULLI,UTNU,A320,4:10,,12/12/2025 3:00pm
SU2942,Historic,Tyumen (TJM),Simferopol (SIP),USTR,URFF,A320,4:10,,12/12/2025 3:00pm
SU2391,Historic,Zurich (ZRH),Moscow (SVO),LSZH,UUEE,"A321,B738",4:10,,12/12/2025 3:00pm
SU795,Summer,Antalya (AYT),Antalya (AYT),LTAI,UWKD,B738,4:05,,12/12/2025 3:00pm
SU801,Summer,Antalya (AYT),Nizhny Novgorod (GOJ),LTAI,UWGG,B738,4:05,,12/12/2025 3:00pm
SU1877,AFL,Bukhara (BHK),Moscow (SVO),UTSB,UUEE,"A320,A20N",4:05,,12/12/2025 3:00pm
SU2173,Summer,Istanbul (IST),Moscow (SVO),LTFM,UUEE,"A320,A321,B738",4:05,,12/12/2025 3:00pm
SU1478,AFL,Moscow (SVO),Abakan (ABA),UUEE,UNAA,"A320,A20N,A321",4:05,,12/12/2025 3:00pm
SU1488,Winter,Moscow (SVO),Krasnoyarsk (KJA),UUEE,UNKL,"A320,A20N,A321",4:05,,12/12/2025 3:00pm
SU1484,AFL,Moscow (SVO),Krasnoyarsk (KJA),UUEE,UNKL,"A320,A20N,A321,B738",4:05,,12/12/2025 3:00pm
SU1486,AFL,Moscow (SVO),Krasnoyarsk (KJA),UUEE,UNKL,"A320,A20N,A321,A333,A359,B738",4:05,,12/12/2025 3:00pm
SU1482,AFL,Moscow (SVO),Krasnoyarsk (KJA),UUEE,UNKL,"A320,A321,B738",4:05,,12/12/2025 3:00pm
SU1984,Summer,Moscow (SVO),Samarkand (SKD),UUEE,UTSS,B738,4:05,,12/12/2025 3:00pm
SU1549,AFL,NoVosibirsk (OVB),Moscow (SVO),UNNT,UUEE,"A320,A20N,A321,A21N,B738,B77W",4:05,,12/12/2025 3:00pm
SU1985,Summer,Samarkand (SKD),Moscow (SVO),UTSS,UUEE,B738,4:05,,12/12/2025 3:00pm
SU2804,Summer,St. Petersburg (LED),Sochi (AER),ULLI,URSS,A320,4:05,,12/12/2025 3:00pm
SU2814,AFL,St. Petersburg (LED),Sochi (AER),ULLI,URSS,A320,4:05,,12/12/2025 3:00pm
SU1871,AFL,Tashkent (TAS),Moscow (SVO),UTTT,UUEE,"A320,A333,A359,B738,B77W",4:05,,12/12/2025 3:00pm
SU2153,AFL,Adana (ADA),Moscow (SVO),LTAF,UUEE,"A320,A20N",4:00,,12/12/2025 3:00pm
SU705,Historic,Frankfurt (FRA),Kazan (KZN),EDDF,UWKD,A321,4:00,,12/12/2025 3:00pm
SU2139,AFL,Istanbul (IST),Moscow (SVO),LTFM,UUEE,B738,4:00,,12/12/2025 3:00pm
SU2965,Historic,Krasnodar (KRR),Surgut (SGC),URKK,USRR,A320,4:00,,12/12/2025 3:00pm
SU2375,Historic,Lyon (LYS),Moscow (SVO),LFLL,UUEE,"A320,A321",4:00,,12/12/2025 3:00pm
SU823,Historic,Minsk (MSQ),Yekaterinburg (SVX),UMMS,USSS,A320,4:00,,12/12/2025 3:00pm
SU1946,AFL,Moscow (SVO),Almaty (ALA),UUEE,UAAA,A320,4:00,,12/12/2025 3:00pm
SU1480,AFL,Moscow (SVO),Krasnoyarsk (KJA),UUEE,UNKL,"A320,A20N,A321,A21N",4:00,,12/12/2025 3:00pm
SU2374,Historic,Moscow (SVO),Lyon (LYS),UUEE,LFLL,"A320,A321",4:00,,12/12/2025 3:00pm
SU2360,Historic,Moscow (SVO),Nice (NCE),UUEE,LFMN,A320,4:00,,12/12/2025 3:00pm
SU1096,AFL,Moscow (SVO),Novokuznetsk (NOZ),UUEE,UNWW,B738,4:00,,12/12/2025 3:00pm
SU2518,Historic,Moscow (SVO),Palma de Mallorca (PMI),UUEE,LEPA,A321,4:00,,12/12/2025 3:00pm
SU2361,Historic,Nice (NCE),Moscow (SVO),LFMN,UUEE,A320,4:00,,12/12/2025 3:00pm
SU2519,Historic,Palma de Mallorca (PMI),Moscow (SVO),LEPA,UUEE,A321,4:00,,12/12/2025 3:00pm
SU2964,Historic,Surgut (SGC),Krasnodar (KRR),USRR,URKK,A320,4:00,,12/12/2025 3:00pm
SU822,Historic,Yekaterinburg (SVX),Minsk (MSQ),USSS,UMMS,A320,4:00,,12/12/2025 3:00pm
SU797,Summer,Antalya (AYT),Samara (KUF),LTAI,UWWW,B738,3:55,,12/12/2025 3:00pm
SU1942,AFL,Moscow (SVO),Almaty (ALA),UUEE,UAAA,"A320,A321",3:55,,12/12/2025 3:00pm
SU796,Summer,Samara (KUF),Antalya (AYT),UWWW,LTAI,B738,3:55,,12/12/2025 3:00pm
SU2830,Summer,Sochi (AER),St. Petersburg (LED),URSS,ULLI,A320,3:55,,12/12/2025 3:00pm
SU2145,Summer,Antalya (AYT),Moscow (SVO),LTAI,UUEE,"A333,B77W",3:50,,12/12/2025 3:00pm
SU715,Summer,Baku (GYD),St. Petersburg (LED),UBBB,ULLI,A320,3:50,,12/12/2025 3:00pm
SU2157,Historic,Burgas (BOJ),Moscow (SVO),LBBG,UUEE,SU95,3:50,,12/12/2025 3:00pm
SU1937,AFL,Karaganda (KGF),Moscow (SVO),UAKK,UUEE,"A320,B738",3:50,,12/12/2025 3:00pm
SU2071,Historic,Larnaca (LCA),Moscow (SVO),LCLK,UUEE,"A321,B77W",3:50,,12/12/2025 3:00pm
SU2411,Historic,Milan (MXP),Moscow (SVO),LIMC,UUEE,"A321,B738",3:50,,12/12/2025 3:00pm
SU2156,Historic,Moscow (SVO),Burgas (BOJ),UUEE,LBBG,SU95,3:50,,12/12/2025 3:00pm
SU1524,AFL,Moscow (SVO),Gorno-Altaysk (RGK),UUEE,UNBG,"A321,B738",3:50,,12/12/2025 3:00pm
SU1456,AFL,Moscow (SVO),Kemerovo (KEJ),UUEE,UNEE,"A320,A20N,A321",3:50,,12/12/2025 3:00pm
SU2070,Historic,Moscow (SVO),Larnaca (LCA),UUEE,LCLK,"A321,B77W",3:50,,12/12/2025 3:00pm
SU2410,Historic,Moscow (SVO),Milan (MXP),UUEE,LIMC,"A321,B738",3:50,,12/12/2025 3:00pm
SU1458,AFL,Moscow (SVO),Novokuznetsk (NOZ),UUEE,UNWW,"A320,A20N,A321,B738",3:50,,12/12/2025 3:00pm
SU2967,Historic,Simferopol (SIP),Syktyvkar (SCW),URFF,UUYY,A320,3:50,,12/12/2025 3:00pm
SU2815,AFL,Sochi (AER),St. Petersburg (LED),URSS,ULLI,A320,3:50,,12/12/2025 3:00pm
SU2805,Summer,Sochi (AER),St. Petersburg (LED),URSS,ULLI,A320,3:50,,12/12/2025 3:00pm
SU714,Summer,St. Petersburg (LED),Baku (GYD),ULLI,UBBB,A320,3:50,,12/12/2025 3:00pm
SU2874,Historic,St. Petersburg (LED),Novosibirsk (OVB),ULLI,UNNT,A320,3:50,,12/12/2025 3:00pm
SU2966,Historic,SyktyVkar (SCW),Simferopol (SIP),UUYY,URFF,A320,3:50,,12/12/2025 3:00pm
SU511,Historic,Beirut (BEY),Moscow (SVO),OLBA,UUEE,"A20N,B738",3:45,,12/12/2025 3:00pm
SU2381,Historic,GeneVa (GVA),Moscow (SVO),LSGG,UUEE,A321,3:45,,12/12/2025 3:00pm
SU2573,Historic,London (LHR),Moscow (SVO),EGLL,UUEE,"A320,A321,B738,B77W",3:45,,12/12/2025 3:00pm
SU2379,Historic,Marseille (MRS),Moscow (SVO),LFML,UUEE,A320,3:45,,12/12/2025 3:00pm
SU2829,Historic,Mineralnye Vody (MRV),St. Petersburg (LED),URMM,ULLI,A320,3:45,,12/12/2025 3:00pm
SU1940,AFL,Moscow (SVO),Almaty (ALA),UUEE,UAAA,"A320,A321,A333",3:45,,12/12/2025 3:00pm
SU2380,Historic,Moscow (SVO),Geneva (GVA),UUEE,LSGG,A321,3:45,,12/12/2025 3:00pm
SU1450,AFL,Moscow (SVO),Kemerovo (KEJ),UUEE,UNEE,"A320,A20N,A321,A21N",3:45,,12/12/2025 3:00pm
SU2572,Historic,Moscow (SVO),London (LHR),UUEE,EGLL,"A320,A321,B738,B77W",3:45,,12/12/2025 3:00pm
SU2058,Historic,Moscow (SVO),Pula (PUY),UUEE,LDPL,A320,3:45,,12/12/2025 3:00pm
SU2400,Historic,Moscow (SVO),Rome (FCO),UUEE,LIRF,"A320,A321",3:45,,12/12/2025 3:00pm
SU2422,Historic,Moscow (SVO),Venice (VCE),UUEE,LIPZ,A320,3:45,,12/12/2025 3:00pm
SU2059,Historic,Pula (PUY),Moscow (SVO),LDPL,UUEE,A320,3:45,,12/12/2025 3:00pm
SU2401,Historic,Rome (FCO),Moscow (SVO),LIRF,UUEE,"A320,A321",3:45,,12/12/2025 3:00pm
SU515,AFL,Tehran (IKA),Moscow (SVO),OIIE,UUEE,A321,3:45,,12/12/2025 3:00pm
SU2423,Historic,Venice (VCE),Moscow (SVO),LIPZ,UUEE,A320,3:45,,12/12/2025 3:00pm
SU1963,AFL,Astana (NQZ),Moscow (SVO),UACC,UUEE,"A320,A321,B738",3:40,,12/12/2025 3:00pm
SU1430,AFL,Moscow (SVO),Barnaul (BAX),UUEE,UNBB,"A320,A20N,A321",3:40,,12/12/2025 3:00pm
SU1894,AFL,Moscow (SVO),Osh (OSS),UUEE,UCFO,"A321,A21N",3:40,,12/12/2025 3:00pm
SU1898,Summer,Moscow (SVO),Osh (OSS),UUEE,UCFO,"A321,A21N",3:40,,12/12/2025 3:00pm
SU2915,Summer,Perm (PEE),Sochi (AER),USPP,URSS,A320,3:40,,12/12/2025 3:00pm
SU2826,Historic,St. Petersburg (LED),Mineralnye Vody (MRV),ULLI,URMM,A320,3:40,,12/12/2025 3:00pm
SU2828,Historic,St. Petersburg (LED),Mineralnye Vody (MRV),ULLI,URMM,A320,3:40,,12/12/2025 3:00pm
SU2831,Summer,St. Petersburg (LED),Sochi (AER),ULLI,URSS,A320,3:40,,12/12/2025 3:00pm
SU1977,AFL,Urgench (UGC),Moscow (SVO),UTNU,UUEE,"A320,A20N",3:40,,12/12/2025 3:00pm
SU1957,AFL,Astana (NQZ),Moscow (SVO),UACC,UUEE,"A320,A321,B738",3:35,,12/12/2025 3:00pm
SU1882,AFL,Moscow (SVO),Bishkek (FRU),UUEE,UCFM,A321,3:35,,12/12/2025 3:00pm
SU1970,AFL,Moscow (SVO),Fergana (FEG),UUEE,UTFF,B738,3:35,,12/12/2025 3:00pm
SU1530,AFL,Moscow (SVO),Tomsk (TOF),UUEE,UNTT,"A321,A21N,B738",3:35,,12/12/2025 3:00pm
SU1538,Winter,Moscow (SVO),Tomsk (TOF),UUEE,UNTT,B738,3:35,,12/12/2025 3:00pm
SU1636,Summer,Omsk (OMS),Moscow (SVO),UNOO,UUEE,"A320,A20N,B738",3:35,,12/12/2025 3:00pm
SU2929,Summer,Omsk (OMS),Sochi (AER),UNOO,URSS,A320,3:35,,12/12/2025 3:00pm
SU2944,Historic,Perm (PEE),Simferopol (SIP),USPP,URFF,A320,3:35,,12/12/2025 3:00pm
SU2945,Historic,Simferopol (SIP),Perm (PEE),URFF,USPP,A320,3:35,,12/12/2025 3:00pm
SU2928,Summer,Sochi (AER),Omsk (OMS),URSS,UNOO,A320,3:35,,12/12/2025 3:00pm
SU2918,Summer,Sochi (AER),Yekaterinburg (SVX),URSS,USSS,A320,3:35,,12/12/2025 3:00pm
SU2960,AFL,Sochi (AER),Yekaterinburg (SVX),URSS,USSS,A320,3:35,,12/12/2025 3:00pm
SU2961,AFL,Yekaterinburg (SVX),Sochi (AER),USSS,URSS,A320,3:35,,12/12/2025 3:00pm
SU2169,Historic,Brussels (BRU),Moscow (SVO),EBBR,UUEE,B738,3:30,,12/12/2025 3:00pm
SU835,Historic,Issyk-Kul (IKU),Surgut (SGC),UCFL,USRR,A320,3:30,,12/12/2025 3:00pm
SU1880,AFL,Moscow (SVO),Bishkek (FRU),UUEE,UCFM,A321,3:30,,12/12/2025 3:00pm
SU1886,AFL,Moscow (SVO),Bishkek (FRU),UUEE,UCFM,"A321,A359",3:30,,12/12/2025 3:00pm
SU2168,Historic,Moscow (SVO),Brussels (BRU),UUEE,EBBR,B738,3:30,,12/12/2025 3:00pm
SU1306,AFL,Moscow (SVO),Novosibirsk (OVB),UUEE,UNNT,"A320,A20N,A321,A21N,A333,B738",3:30,,12/12/2025 3:00pm
SU1460,AFL,Moscow (SVO),Novosibirsk (OVB),UUEE,UNNT,"A320,A20N,A321,A21N,B738",3:30,,12/12/2025 3:00pm
SU1548,AFL,Moscow (SVO),Novosibirsk (OVB),UUEE,UNNT,"A320,A20N,A321,A21N,B738,B77W",3:30,,12/12/2025 3:00pm
SU1874,Winter,Moscow (SVO),Samarkand (SKD),UUEE,UTSS,B738,3:30,,12/12/2025 3:00pm
SU1878,Summer,Moscow (SVO),Samarkand (SKD),UUEE,UTSS,"A320,B738",3:30,,12/12/2025 3:00pm
SU1872,AFL,Moscow (SVO),Tashkent (TAS),UUEE,UTTT,B738,3:30,,12/12/2025 3:00pm
SU514,AFL,Moscow (SVO),Tehran (IKA),UUEE,OIIE,A321,3:30,,12/12/2025 3:00pm
SU1536,Summer,Moscow (SVO),Tomsk (TOF),UUEE,UNTT,"A320,A321,B738",3:30,,12/12/2025 3:00pm
SU735,Winter,Sharm el-Sheikh (SSH),St. Petersburg (LED),HESH,ULLI,A333,3:30,,12/12/2025 3:00pm
SU2841,Historic,Simferopol (SIP),St. Petersburg (LED),URFF,ULLI,A320,3:30,,12/12/2025 3:00pm
SU1529,Summer,Sochi (AER),Moscow (SVO),URSS,UUEE,"A320,A321",3:30,,12/12/2025 3:00pm
SU2858,Historic,St. Petersburg (LED),Makhachkala (MCX),ULLI,URML,A320,3:30,,12/12/2025 3:00pm
SU2840,Historic,St. Petersburg (LED),Simferopol (SIP),ULLI,URFF,A320,3:30,,12/12/2025 3:00pm
SU834,Historic,Surgut (SGC),Issyk-Kul (IKU),USRR,UCFL,A320,3:30,,12/12/2025 3:00pm
SU2901,Historic,Anapa (AAQ),Tyumen (TJM),URKA,USTR,A320,3:25,,12/12/2025 3:00pm
SU2879,Historic,BlagoVeschensk (BQS),Krasnoyarsk (KJA),UHBB,UNKL,B738,3:25,,12/12/2025 3:00pm
SU2878,Historic,Krasnoyarsk (KJA),Blagoveschensk (BQS),UNKL,UHBB,B738,3:25,,12/12/2025 3:00pm
SU1308,AFL,Moscow (SVO),Novosibirsk (OVB),UUEE,UNNT,B738,3:25,,12/12/2025 3:00pm
SU1462,Summer,Moscow (SVO),Novosibirsk (OVB),UUEE,UNNT,"A320,A20N,A321,B738",3:25,,12/12/2025 3:00pm
SU1974,Winter,Moscow (SVO),Tashkent (TAS),UUEE,UTTT,B738,3:25,,12/12/2025 3:00pm
SU1870,AFL,Moscow (SVO),Tashkent (TAS),UUEE,UTTT,"A320,A333,A359,B738,B77W",3:25,,12/12/2025 3:00pm
SU1473,AFL,NizhneVartoVsk (NJC),Moscow (SVO),USNN,UUEE,"A320,A20N,A321,A21N,B738",3:25,,12/12/2025 3:00pm
SU1647,AFL,NizhneVartoVsk (NJC),Moscow (SVO),USNN,UUEE,"A320,A321,B738",3:25,,12/12/2025 3:00pm
SU1638,AFL,Omsk (OMS),Moscow (SVO),UNOO,UUEE,"A320,A20N,A321,B738",3:25,,12/12/2025 3:00pm
SU2931,Historic,Simferopol (SIP),Yekaterinburg (SVX),URFF,USSS,A320,3:25,,12/12/2025 3:00pm
SU1041,Summer,Sochi (AER),Moscow (SVO),URSS,UUEE,"A320,A321,B738",3:25,,12/12/2025 3:00pm
SU2900,Historic,Tyumen (TJM),Anapa (AAQ),USTR,URKA,A320,3:25,,12/12/2025 3:00pm
SU2930,Historic,Yekaterinburg (SVX),Simferopol (SIP),USSS,URFF,A320,3:25,,12/12/2025 3:00pm
SU2827,Historic,Mineralnye Vody (MRV),St. Petersburg (LED),URMM,ULLI,A320,3:20,,12/12/2025 3:00pm
SU1950,Winter,Moscow (SVO),Shymkent (CIT),UUEE,UAII,A320,3:20,,12/12/2025 3:00pm
SU1124,AFL,Moscow (SVO),Sochi (AER),UUEE,URSS,"A20N,A321,A21N",3:20,,12/12/2025 3:00pm
SU2060,Historic,Moscow (SVO),Sofia (SOF),UUEE,LBSF,"A320,B738",3:20,,12/12/2025 3:00pm
SU2046,Historic,Moscow (SVO),Split (SPU),UUEE,LDSP,A320,3:20,,12/12/2025 3:00pm
SU2336,Historic,Moscow (SVO),Stuttgart (STR),UUEE,EDDS,A320,3:20,,12/12/2025 3:00pm
SU1976,AFL,Moscow (SVO),Urgench (UGC),UUEE,UTNU,"A320,A20N",3:20,,12/12/2025 3:00pm
SU2158,Historic,Moscow (SVO),Varna (VAR),UUEE,LBWN,SU95,3:20,,12/12/2025 3:00pm
SU2184,Historic,Moscow (SVO),Vienna (VIE),UUEE,LOWW,"A321,B738",3:20,,12/12/2025 3:00pm
SU1523,AFL,NoVy Urengoy (NUX),Moscow (SVO),USMU,UUEE,"A320,A321,A21N",3:20,,12/12/2025 3:00pm
SU1521,Summer,NoVy Urengoy (NUX),Moscow (SVO),USMU,UUEE,"A320,A20N,A321,A21N",3:20,,12/12/2025 3:00pm
SU2926,Historic,Orenburg (REN),Simferopol (SIP),UWOO,URFF,A320,3:20,,12/12/2025 3:00pm
SU2927,Historic,Simferopol (SIP),Orenburg (REN),URFF,UWOO,A320,3:20,,12/12/2025 3:00pm
SU1031,Summer,Sochi (AER),Moscow (SVO),URSS,UUEE,"A320,A321,B738",3:20,,12/12/2025 3:00pm
SU1037,Summer,Sochi (AER),Moscow (SVO),URSS,UUEE,"A320,A321",3:20,,12/12/2025 3:00pm
SU2061,Historic,Sofia (SOF),Moscow (SVO),LBSF,UUEE,"A320,B738",3:20,,12/12/2025 3:00pm
SU2047,Historic,Split (SPU),Moscow (SVO),LDSP,UUEE,A320,3:20,,12/12/2025 3:00pm
SU2337,Historic,Stuttgart (STR),Moscow (SVO),EDDS,UUEE,A320,3:20,,12/12/2025 3:00pm
SU2835,Historic,Surgut (SGC),St. Petersburg (LED),URSS,ULLI,A320,3:20,,12/12/2025 3:00pm
SU2159,Historic,Varna (VAR),Moscow (SVO),LBWN,UUEE,SU95,3:20,,12/12/2025 3:00pm
SU2185,Historic,Vienna (VIE),Moscow (SVO),LOWW,UUEE,"A321,B738",3:20,,12/12/2025 3:00pm
SU2919,Summer,Yekaterinburg (SVX),Sochi (AER),USSS,URSS,A320,3:20,,12/12/2025 3:00pm
SU1967,Summer,YereVan (EVN),Moscow (SVO),UDYZ,UUEE,"A320,A321,B738",3:20,,12/12/2025 3:00pm
SU1863,AFL,YereVan (EVN),Moscow (SVO),UDYZ,UUEE,B738,3:20,,12/12/2025 3:00pm
SU2923,Historic,Anapa (AAQ),Arkhangelsk (ARH),URKA,ULAA,A320,3:15,,12/12/2025 3:00pm
SU2922,Historic,Arkhangelsk (ARH),Anapa (AAQ),ULAA,URKA,A320,3:15,,12/12/2025 3:00pm
SU1987,Summer,Astana (NQZ),Moscow (SVO),UACC,UUEE,A333,3:15,,12/12/2025 3:00pm
SU2057,Historic,DubroVnik (DBV),Moscow (SVO),LDDU,UUEE,"A321,A333",3:15,,12/12/2025 3:00pm
SU2301,Historic,Frankfurt (FRA),Moscow (SVO),EDDF,UUEE,"A320,A321,B738,B77W",3:15,,12/12/2025 3:00pm
SU2343,Historic,HanoVer (HAJ),Moscow (SVO),EDDV,UUEE,"A320,SU95",3:15,,12/12/2025 3:00pm
SU2611,Historic,Ljubljana (LJU),Moscow (SVO),LJLJ,UUEE,A321,3:15,,12/12/2025 3:00pm
SU2859,Historic,Makhachkala (MCX),St. Petersburg (LED),URML,ULLI,A320,3:15,,12/12/2025 3:00pm
SU2056,Historic,Moscow (SVO),Dubrovnik (DBV),UUEE,LDDU,"A321,A333",3:15,,12/12/2025 3:00pm
SU2300,Historic,Moscow (SVO),Frankfurt (FRA),UUEE,EDDF,"A320,A321,B738,B77W",3:15,,12/12/2025 3:00pm
SU2342,Historic,Moscow (SVO),Hanover (HAJ),UUEE,EDDV,"A320,SU95",3:15,,12/12/2025 3:00pm
SU2610,Historic,Moscow (SVO),Ljubljana (LJU),UUEE,LJLJ,A321,3:15,,12/12/2025 3:00pm
SU2322,Historic,Moscow (SVO),Munich (MUC),UUEE,EDDM,"A321,B738",3:15,,12/12/2025 3:00pm
SU2452,Historic,Moscow (SVO),Paris (CDG),UUEE,LFPG,"A320,A321",3:15,,12/12/2025 3:00pm
SU1122,AFL,Moscow (SVO),Sochi (AER),UUEE,URSS,"A321,A21N,B77W,A333",3:15,,12/12/2025 3:03pm
SU1890,AFL,Moscow (SVO),Tashkent (TAS),UUEE,UTTT,"A333,A359",3:15,,12/12/2025 3:00pm
SU2052,Historic,Moscow (SVO),Tivat (TIV),UUEE,LYTV,B738,3:15,,12/12/2025 3:00pm
SU2323,Historic,Munich (MUC),Moscow (SVO),EDDM,UUEE,"A321,B738",3:15,,12/12/2025 3:00pm
SU1763,AFL,Omsk (OMS),Moscow (SVO),UNOO,UUEE,"A320,A20N,A321,B738",3:15,,12/12/2025 3:00pm
SU2453,Historic,Paris (CDG),Moscow (SVO),LFPG,UUEE,"A320,A321",3:15,,12/12/2025 3:00pm
SU1177,AFL,Sochi (AER),Moscow (SVO),URSS,UUEE,"A321,A21N",3:15,,12/12/2025 3:00pm
SU1117,Summer,Sochi (AER),Moscow (SVO),URSS,UUEE,"A320,A321,A21N,A333,A359,B738,B77W",3:15,,12/12/2025 3:00pm
SU1129,AFL,Sochi (AER),Moscow (SVO),URSS,UUEE,"A320,A321",3:15,,12/12/2025 3:00pm
SU2053,Historic,TiVat (TIV),Moscow (SVO),LYTV,UUEE,B738,3:15,,12/12/2025 3:00pm
SU684,Summer,Yekaterinburg (SVX),Yerevan (EVN),URSS,UDYZ,B738,3:15,,12/12/2025 3:00pm
SU616,Winter,Yekaterinburg (SVX),Yerevan (EVN),URSS,UDYZ,B738,3:15,,12/12/2025 3:00pm
SU2193,Historic,Amsterdam (AMS),Moscow (SVO),EHAM,UUEE,"A320,A20N",3:10,,12/12/2025 3:00pm
SU2315,Historic,Berlin Branderburg (BER),Moscow (SVO),EDDB,UUEE,"A320,A321,B738",3:10,,12/12/2025 3:00pm
SU2425,Historic,Bologna (BLQ),Moscow (SVO),LIPE,UUEE,"A320,B738",3:10,,12/12/2025 3:00pm
SU2953,Summer,Chelyabinsk (CEK),Sochi (AER),USCC,URSS,A320,3:10,,12/12/2025 3:00pm
SU2155,Historic,Dusseldorf (DUS),Moscow (SVO),EDDL,UUEE,A321,3:10,,12/12/2025 3:00pm
SU1829,AFL,Ganja (GNJ),Moscow (SVO),UBBG,UUEE,A320,3:10,,12/12/2025 3:00pm
SU2347,Historic,Hamburg (HAM),Moscow (SVO),EDDH,UUEE,A320 B738,3:10,,12/12/2025 3:00pm
SU2192,Historic,Moscow (SVO),Amsterdam (AMS),UUEE,EHAM,"A320,A20N",3:10,,12/12/2025 3:00pm
SU2314,Historic,Moscow (SVO),Berlin Branderburg (BER),UUEE,EDDB,"A320,A321,B738",3:10,,12/12/2025 3:00pm
SU2424,Historic,Moscow (SVO),Bologna (BLQ),UUEE,LIPE,"A320,B738",3:10,,12/12/2025 3:00pm
SU2154,Historic,Moscow (SVO),Dusseldorf (DUS),UUEE,EDDL,A321,3:10,,12/12/2025 3:00pm
SU2346,Historic,Moscow (SVO),Hamburg (HAM),UUEE,EDDH,A320 B738,3:10,,12/12/2025 3:00pm
SU1864,Winter,Moscow (SVO),Yerevan (EVN),UUEE,UDYZ,"A21N,A333,B738",3:10,,12/12/2025 3:00pm
SU1862,AFL,Moscow (SVO),Yerevan (EVN),UUEE,UDYZ,B738,3:10,,12/12/2025 3:00pm
SU1860,AFL,Moscow (SVO),Yerevan (EVN),UUEE,UDYZ,B738,3:10,,12/12/2025 3:00pm
SU2040,Historic,Moscow (SVO),Zagreb (ZAG),UUEE,LDZA,A320,3:10,,12/12/2025 3:00pm
SU2821,Summer,Perm (PEE),Mineralnye Vody (MRV),USPP,URMM,A320,3:10,,12/12/2025 3:00pm
SU2941,Historic,Simferopol (SIP),Simferopol (SIP),URFF,UWUU,A320,3:10,,12/12/2025 3:00pm
SU2952,Summer,Sochi (AER),Chelyabinsk (CEK),URSS,USCC,A320,3:10,,12/12/2025 3:00pm
SU1123,AFL,Sochi (AER),Moscow (SVO),URSS,UUEE,"A321,A21N",3:10,,12/12/2025 3:00pm
SU1611,Winter,Sochi (AER),Moscow (SVO),URSS,UUEE,"A320,A20N,A321",3:10,,12/12/2025 3:00pm
SU1111,Summer,Sochi (AER),Moscow (SVO),URSS,UUEE,"A20N,A321",3:10,,12/12/2025 3:00pm
SU1127,Winter,Sochi (AER),Moscow (SVO),URSS,UUEE,"A320,A321,A21N",3:10,,12/12/2025 3:00pm
SU1135,AFL,Sochi (AER),Moscow (SVO),URSS,UUEE,"A321,B738",3:10,,12/12/2025 3:00pm
SU1137,AFL,Sochi (AER),Moscow (SVO),URSS,UUEE,"A321,A21N,B738",3:10,,12/12/2025 3:00pm
SU1125,AFL,Sochi (AER),Moscow (SVO),URSS,UUEE,"A20N,A321,A21N",3:10,,12/12/2025 3:00pm
SU1131,Summer,Sochi (AER),Moscow (SVO),URSS,UUEE,A320,3:10,,12/12/2025 3:00pm
SU2914,Summer,Sochi (AER),Perm (PEE),URSS,USPP,A320,3:10,,12/12/2025 3:00pm
SU1517,Summer,Surgut (SGC),Moscow (SVO),USRR,UUEE,"A320,A20N",3:10,,12/12/2025 3:00pm
SU1513,AFL,Surgut (SGC),Moscow (SVO),USRR,UUEE,"A320,A20N,A321",3:10,,12/12/2025 3:00pm
SU1511,AFL,Surgut (SGC),Moscow (SVO),USRR,UUEE,"A320,A20N,A321,A21N",3:10,,12/12/2025 3:00pm
SU2933,Summer,Ufa (UFA),Sochi (AER),UWUU,URSS,A320,3:10,,12/12/2025 3:00pm
SU2940,Historic,Ufa (UFA),Ufa (UFA),UWUU,URFF,A320,3:10,,12/12/2025 3:00pm
SU2817,Summer,Yekaterinburg (SVX),Mineralnye Vody (MRV),USSS,URMM,A320,3:10,,12/12/2025 3:00pm
SU1867,Summer,YereVan (EVN),Moscow (SVO),UDYZ,UUEE,"A320,A321,B738",3:10,,12/12/2025 3:00pm
SU1861,AFL,YereVan (EVN),Moscow (SVO),UDYZ,UUEE,B738,3:10,,12/12/2025 3:00pm
SU685,Summer,YereVan (EVN),Yekaterinburg (SVX),UDYZ,USSS,B738,3:10,,1/6/2026 2:53am
SU2041,Historic,Zagreb (ZAG),Moscow (SVO),LDZA,UUEE,A320,3:10,,12/12/2025 3:00pm
SU1855,AFL,Baku (GYD),Moscow (SVO),UBBB,UUEE,"A321,B738",3:05,,12/12/2025 3:00pm
SU833,Historic,Issyk-Kul (IKU),Yekaterinburg (SVX),UCFL,USSS,A320,3:05,,12/12/2025 3:00pm
SU2935,Summer,Kazan (KZN),Sochi (AER),UWKD,URSS,A320,3:05,,12/12/2025 3:00pm
SU1079,Historic,Magas (IGT),Moscow (SVO),URMS,UUEE,A320,3:05,,12/12/2025 3:00pm
SU1986,Summer,Moscow (SVO),Astana (NQZ),UUEE,UACC,A333,3:05,,12/12/2025 3:00pm
SU1936,AFL,Moscow (SVO),Karaganda (KGF),UUEE,UAKK,"A320,B738",3:05,,12/12/2025 3:00pm
SU1078,Historic,Moscow (SVO),Magas (IGT),UUEE,URMS,A320,3:05,,12/12/2025 3:00pm
SU1344,Winter,Moscow (SVO),Mineralnye Vody (MRV),UUEE,URMM,A321,3:05,,12/12/2025 3:00pm
SU1520,Summer,Moscow (SVO),Novy Urengoy (NUX),UUEE,USMU,"A320,A20N,A321,A21N",3:05,,12/12/2025 3:00pm
SU2174,Historic,Moscow (SVO),Oslo (OSL),UUEE,ENGM,A320,3:05,,12/12/2025 3:00pm
SU2482,Historic,Moscow (SVO),Verona (VRN),UUEE,LIPX,"A320,SU95",3:05,,12/12/2025 3:00pm
SU1868,Summer,Moscow (SVO),Yerevan (EVN),UUEE,UDYZ,"A321,B738",3:05,,12/12/2025 3:00pm
SU1866,Summer,Moscow (SVO),Yerevan (EVN),UUEE,UDYZ,"A320,A321,B738",3:05,,12/12/2025 3:00pm
SU2175,Historic,Oslo (OSL),Moscow (SVO),ENGM,UUEE,A320,3:05,,12/12/2025 3:00pm
SU1141,AFL,Sochi (AER),Moscow (SVO),URSS,UUEE,"A320,A321",3:05,,12/12/2025 3:00pm
SU1139,Summer,Sochi (AER),Moscow (SVO),URSS,UUEE,"A321,A21N",3:05,,12/12/2025 3:00pm
SU1133,AFL,Sochi (AER),Moscow (SVO),URSS,UUEE,"A320,A321",3:05,,12/12/2025 3:00pm
SU1151,Winter,Sochi (AER),Moscow (SVO),URSS,UUEE,"A321,B738",3:05,,12/12/2025 3:00pm
SU1045,Summer,Sochi (AER),Moscow (SVO),URSS,UUEE,A320,3:05,,12/12/2025 3:00pm
SU1119,Summer,Sochi (AER),Moscow (SVO),URSS,UUEE,"A20N,A321,B77W",3:05,,12/12/2025 3:00pm
SU1153,Winter,Sochi (AER),Moscow (SVO),URSS,UUEE,"A320,A321,A21N",3:05,,12/12/2025 3:00pm
SU2483,Historic,Verona (VRN),Moscow (SVO),LIPX,UUEE,"A320,SU95",3:05,,12/12/2025 3:00pm
SU832,Historic,Yekaterinburg (SVX),Issyk-Kul (IKU),USSS,UCFL,A320,3:05,,12/12/2025 3:00pm
SU1965,Winter,YereVan (EVN),Moscow (SVO),UDYZ,UUEE,B738,3:05,,12/12/2025 3:00pm
SU1969,Summer,YereVan (EVN),Moscow (SVO),UDYZ,UUEE,B738,3:05,,12/12/2025 3:00pm
SU1865,Winter,YereVan (EVN),Moscow (SVO),UDYZ,UUEE,"A21N,A333,B738",3:05,,12/12/2025 3:00pm
SU2955,Historic,Anapa (AAQ),Chelyabinsk (CEK),URKA,USCC,A320,3:00,,12/12/2025 3:00pm
SU2911,Historic,Anapa (AAQ),Perm (PEE),URKA,USPP,A320,3:00,,12/12/2025 3:00pm
SU1851,AFL,Baku (GYD),Moscow (SVO),UBBB,UUEE,B738,3:00,,12/12/2025 3:00pm
SU1857,AFL,Baku (GYD),Moscow (SVO),UBBB,UUEE,A320,3:00,,12/12/2025 3:00pm
SU2954,Historic,Chelyabinsk (CEK),Anapa (AAQ),USCC,URKA,A320,3:00,,12/12/2025 3:00pm
SU765,Summer,Dubai (DWC),Sochi (AER),OMDW,URSS,A320,3:00,,12/12/2025 3:00pm
SU1385,Summer,Khanty-Mansiysk (HMA),Moscow (SVO),USHH,UUEE,"A320,B738",3:00,,12/12/2025 3:00pm
SU2866,Historic,Krasnoyarsk (KJA),Tyumen (TJM),UNKL,USTR,B738,3:00,,12/12/2025 3:00pm
SU1338,Summer,Moscow (SVO),Mineralnye Vody (MRV),UUEE,URMM,"A320,A321",3:00,,12/12/2025 3:00pm
SU1310,AFL,Moscow (SVO),Mineralnye Vody (MRV),UUEE,URMM,"A320,A20N,A321",3:00,,12/12/2025 3:00pm
SU1312,AFL,Moscow (SVO),Mineralnye Vody (MRV),UUEE,URMM,"A320,A20N,A321,B738",3:00,,12/12/2025 3:00pm
SU1302,AFL,Moscow (SVO),Mineralnye Vody (MRV),UUEE,URMM,"A320,A20N,A321",3:00,,12/12/2025 3:00pm
SU1646,AFL,Moscow (SVO),Nizhnevartovsk (NJC),UUEE,USNN,"A320,A321,B738",3:00,,12/12/2025 3:00pm
SU1472,AFL,Moscow (SVO),Nizhnevartovsk (NJC),UUEE,USNN,"A320,A20N,A321,A21N,B738",3:00,,12/12/2025 3:00pm
SU1522,AFL,Moscow (SVO),Novy Urengoy (NUX),UUEE,USMU,"A320,A321,A21N",3:00,,12/12/2025 3:00pm
SU1762,AFL,Moscow (SVO),Omsk (OMS),UUEE,UNOO,"A320,A20N,A321,B738",3:00,,12/12/2025 3:00pm
SU2050,Historic,Moscow (SVO),Podgorica (TGD),UUEE,LYPG,A321,3:00,,12/12/2025 3:00pm
SU1366,AFL,Moscow (SVO),Stavropol (STW),UUEE,URMT,"A320,B738",3:00,,12/12/2025 3:00pm
SU1964,Winter,Moscow (SVO),Yerevan (EVN),UUEE,UDYZ,B738,3:00,,12/12/2025 3:00pm
SU1968,Summer,Moscow (SVO),Yerevan (EVN),UUEE,UDYZ,B738,3:00,,12/12/2025 3:00pm
SU2910,Historic,Perm (PEE),Anapa (AAQ),USPP,URKA,A320,3:00,,12/12/2025 3:00pm
SU2051,Historic,Podgorica (TGD),Moscow (SVO),LYPG,UUEE,A321,3:00,,12/12/2025 3:00pm
SU764,Summer,Sochi (AER),Dubai (DWC),URSS,OMDW,A320,3:00,,12/12/2025 3:00pm
SU600,Historic,St. Petersburg (LED),Zagreb (ZAG),ULLI,LDZA,A320,3:00,,12/12/2025 3:00pm
SU2867,Historic,Tyumen (TJM),Krasnoyarsk (KJA),USTR,UNKL,B738,3:00,,12/12/2025 3:00pm
SU617,Winter,YereVan (EVN),Yekaterinburg (SVX),UDYZ,USSS,B738,3:00,,1/6/2026 2:54am
SU601,Historic,Zagreb (ZAG),St. Petersburg (LED),LDZA,ULLI,A320,3:00,,12/12/2025 3:00pm
SU2839,Historic,Belgrade (BEG),St. Petersburg (LED),LYBE,ULLI,A320,2:55,,12/12/2025 3:00pm
SU2035,Historic,Bucharest (OTP),Moscow (SVO),LROP,UUEE,SU95,2:55,,12/12/2025 3:00pm
SU1845,Historic,Chişinău - (KIV),Moscow (SVO),LUKK,UUEE,A320,2:55,,12/12/2025 3:00pm
SU1961,Historic,Gyumri (LWN),Moscow (SVO),UDSG,UUEE,A320,2:55,,12/12/2025 3:00pm
SU2820,Summer,Mineralnye Vody (MRV),Perm (PEE),URMM,USPP,A320,2:55,,12/12/2025 3:00pm
SU1962,AFL,Moscow (SVO),Astana (NQZ),UUEE,UACC,"A320,A321,B738",2:55,,12/12/2025 3:00pm
SU1850,AFL,Moscow (SVO),Baku (GYD),UUEE,UBBB,B738,2:55,,12/12/2025 3:00pm
SU2034,Historic,Moscow (SVO),Bucharest (OTP),UUEE,LROP,SU95,2:55,,12/12/2025 3:00pm
SU1844,Historic,Moscow (SVO),Chişinău (KIV),UUEE,LUKK,A320,2:55,,12/12/2025 3:00pm
SU1960,Historic,Moscow (SVO),Gyumri (LWN),UUEE,UDSG,A320,2:55,,12/12/2025 3:00pm
SU1336,Summer,Moscow (SVO),Mineralnye Vody (MRV),UUEE,URMM,A320,2:55,,12/12/2025 3:00pm
SU1300,AFL,Moscow (SVO),Mineralnye Vody (MRV),UUEE,URMM,"A320,A321",2:55,,12/12/2025 3:00pm
SU1304,Summer,Moscow (SVO),Mineralnye Vody (MRV),UUEE,URMM,"A20N,A321,B738",2:55,,12/12/2025 3:00pm
SU1314,AFL,Moscow (SVO),Mineralnye Vody (MRV),UUEE,URMM,"A320,A321",2:55,,12/12/2025 3:00pm
SU2010,Historic,Moscow (SVO),Prague (PRG),UUEE,LKPR,"A321,B738",2:55,,12/12/2025 3:00pm
SU1362,Summer,Moscow (SVO),Stavropol (STW),UUEE,URMT,A320,2:55,,12/12/2025 3:00pm
SU2011,Historic,Prague (PRG),Moscow (SVO),LKPR,UUEE,"A321,B738",2:55,,12/12/2025 3:00pm
SU1115,Summer,Sochi (AER),Moscow (SVO),URSS,UUEE,A321,2:55,,12/12/2025 3:00pm
SU2838,Historic,St. Petersburg (LED),Belgrade (BEG),ULLI,LYBE,A320,2:55,,12/12/2025 3:00pm
SU2854,Historic,St. Petersburg (LED),Tobolsk Remezov (RMZ),ULLI,USTJ,"A320,SU95",2:55,,12/12/2025 3:00pm
SU1367,AFL,StaVropol (STW),Moscow (SVO),URMT,UUEE,"A320,B738",2:55,,12/12/2025 3:00pm
SU2855,Historic,Tobolsk RemezoV (RMZ),St. Petersburg (LED),USTJ,ULLI,"A320,SU95",2:55,,12/12/2025 3:00pm
SU1869,Summer,YereVan (EVN),Moscow (SVO),UDYZ,UUEE,"A321,B738",2:55,,12/12/2025 3:00pm
SU1955,AFL,Aktau (SCO),Moscow (SVO),UATE,UUEE,A320,2:50,,12/12/2025 3:00pm
SU2091,Historic,Belgrade (BEG),Moscow (SVO),LYBE,UUEE,"A320,A321,A21N,A333",2:50,,12/12/2025 3:00pm
SU2345,Historic,Dresden (DRS),Moscow (SVO),EDDC,UUEE,"A320,SU95",2:50,,12/12/2025 3:00pm
SU2948,Historic,Kazan (KZN),Simferopol (SIP),UWKD,URFF,A320,2:50,,12/12/2025 3:00pm
SU1383,AFL,Khanty-Mansiysk (HMA),Moscow (SVO),USHH,UUEE,"A320,A321,A21N",2:50,,12/12/2025 3:00pm
SU1301,AFL,Mineralnye Vody (MRV),Moscow (SVO),URMM,UUEE,"A320,A321",2:50,,12/12/2025 3:00pm
SU1305,Summer,Mineralnye Vody (MRV),Moscow (SVO),URMM,UUEE,"A20N,A321,B738",2:50,,12/12/2025 3:00pm
SU1337,Summer,Mineralnye Vody (MRV),Moscow (SVO),URMM,UUEE,A320,2:50,,12/12/2025 3:00pm
SU1313,AFL,Mineralnye Vody (MRV),Moscow (SVO),URMM,UUEE,"A320,A20N,A321,B738",2:50,,12/12/2025 3:00pm
SU2816,Summer,Mineralnye Vody (MRV),Yekaterinburg (SVX),URMM,USSS,A320,2:50,,12/12/2025 3:00pm
SU1956,AFL,Moscow (SVO),Astana (NQZ),UUEE,UACC,"A320,A321,B738",2:50,,12/12/2025 3:00pm
SU1856,AFL,Moscow (SVO),Baku (GYD),UUEE,UBBB,A320,2:50,,12/12/2025 3:00pm
SU2090,Historic,Moscow (SVO),Belgrade (BEG),UUEE,LYBE,"A320,A321,A21N,A333",2:50,,12/12/2025 3:00pm
SU2030,Historic,Moscow (SVO),Budapest (BUD),UUEE,LHBP,A321,2:50,,12/12/2025 3:00pm
SU1876,AFL,Moscow (SVO),Bukhara (BHK),UUEE,UTSB,"A320,A20N",2:50,,12/12/2025 3:00pm
SU2344,Historic,Moscow (SVO),Dresden (DRS),UUEE,EDDC,"A320,SU95",2:50,,12/12/2025 3:00pm
SU1828,AFL,Moscow (SVO),Ganja (GNJ),UUEE,UBBG,A320,2:50,,12/12/2025 3:00pm
SU1636,Summer,Moscow (SVO),Omsk (OMS),UUEE,UNOO,"A320,A20N,B738",2:50,,12/12/2025 3:00pm
SU1637,AFL,Moscow (SVO),Omsk (OMS),UUEE,UNOO,"A320,A20N,A321,B738",2:50,,12/12/2025 3:00pm
SU1364,AFL,Moscow (SVO),Stavropol (STW),UUEE,URMT,"A320,A20N,B738",2:50,,12/12/2025 3:00pm
SU1516,Summer,Moscow (SVO),Surgut (SGC),UUEE,USRR,"A320,A20N",2:50,,12/12/2025 3:00pm
SU1966,Summer,Moscow (SVO),Yerevan (EVN),UUEE,UDYZ,"A320,A321,B738",2:50,,12/12/2025 3:00pm
SU2957,Summer,Samara (KUF),Sochi (AER),UWWW,URSS,A320,2:50,,12/12/2025 3:00pm
SU2949,Historic,Simferopol (SIP),Kazan (KZN),URFF,UWKD,A320,2:50,,12/12/2025 3:00pm
SU2956,Summer,Sochi (AER),Samara (KUF),URSS,UWWW,A320,2:50,,12/12/2025 3:00pm
SU2932,Summer,Sochi (AER),Ufa (UFA),URSS,UWUU,A320,2:50,,12/12/2025 3:00pm
SU2834,Historic,St. Petersburg (LED),Surgut (SGC),ULLI,URSS,A320,2:50,,12/12/2025 3:00pm
SU1363,Summer,StaVropol (STW),Moscow (SVO),URMT,UUEE,A320,2:50,,12/12/2025 3:00pm
SU1365,AFL,StaVropol (STW),Moscow (SVO),URMT,UUEE,"A320,A20N,B738",2:50,,12/12/2025 3:00pm
SU779,Summer,Istanbul (IST),Sochi (AER),LTFM,URSS,A320,2:45,,12/12/2025 3:00pm
SU2823,Summer,Kazan (KZN),Mineralnye Vody (MRV),UWKD,URMM,A320,2:45,,12/12/2025 3:00pm
SU1311,AFL,Mineralnye Vody (MRV),Moscow (SVO),URMM,UUEE,"A320,A20N,A321",2:45,,12/12/2025 3:00pm
SU1303,AFL,Mineralnye Vody (MRV),Moscow (SVO),URMM,UUEE,"A320,A20N,A321",2:45,,12/12/2025 3:00pm
SU1345,Winter,Mineralnye Vody (MRV),Moscow (SVO),URMM,UUEE,A321,2:45,,12/12/2025 3:00pm
SU1854,AFL,Moscow (SVO),Baku (GYD),UUEE,UBBB,"A321,B738",2:45,,12/12/2025 3:00pm
SU1512,AFL,Moscow (SVO),Surgut (SGC),UUEE,USRR,"A320,A20N,A321",2:45,,12/12/2025 3:00pm
SU1510,AFL,Moscow (SVO),Surgut (SGC),UUEE,USRR,"A320,A20N,A321,A21N",2:45,,12/12/2025 3:00pm
SU778,Summer,Sochi (AER),Istanbul (IST),URSS,LTFM,A320,2:45,,12/12/2025 3:00pm
SU2934,Summer,Sochi (AER),Kazan (KZN),URSS,UWKD,A320,2:45,,12/12/2025 3:00pm
SU1569,Summer,Tyumen (TJM),Moscow (SVO),USTR,UUEE,"A320,A321,B738",2:45,,12/12/2025 3:00pm
SU1501,Summer,Tyumen (TJM),Moscow (SVO),USTR,UUEE,"A320,A20N,A321,B738",2:45,,12/12/2025 3:00pm
SU2950,Historic,Kazan (KZN),Krasnodar (KRR),UWKD,URKK,A320,2:40,,12/12/2025 3:00pm
SU2951,Historic,Krasnodar (KRR),Kazan (KZN),URKK,UWKD,A320,2:40,,12/12/2025 3:00pm
SU826,Historic,Krasnodar (KRR),Minsk (MSQ),URKK,UMMS,A320,2:40,,12/12/2025 3:00pm
SU1059,AFL,Makhachkala (MCX),Moscow (SVO),URML,UUEE,"A320,A20N,A321",2:40,,12/12/2025 3:00pm
SU1055,AFL,Makhachkala (MCX),Moscow (SVO),URML,UUEE,"A320,A20N",2:40,,12/12/2025 3:00pm
SU1053,AFL,Makhachkala (MCX),Moscow (SVO),URML,UUEE,A320,2:40,,12/12/2025 3:00pm
SU1057,AFL,Makhachkala (MCX),Moscow (SVO),URML,UUEE,"A320,A20N,A321",2:40,,12/12/2025 3:00pm
SU1315,AFL,Mineralnye Vody (MRV),Moscow (SVO),URMM,UUEE,"A320,A321",2:40,,12/12/2025 3:00pm
SU1339,Summer,Mineralnye Vody (MRV),Moscow (SVO),URMM,UUEE,"A320,A321",2:40,,12/12/2025 3:00pm
SU2818,Summer,Mineralnye Vody (MRV),Ufa (UFA),URMM,UWUU,A320,2:40,,12/12/2025 3:00pm
SU827,Historic,Minsk (MSQ),Krasnodar (KRR),UMMS,URKK,A320,2:40,,12/12/2025 3:00pm
SU1954,AFL,Moscow (SVO),Aktau (SCO),UUEE,UATE,A320,2:40,,12/12/2025 3:00pm
SU1498,AFL,Moscow (SVO),Grozny (GRV),UUEE,URMG,"A320,A20N,B738",2:40,,12/12/2025 3:00pm
SU1496,AFL,Moscow (SVO),Grozny (GRV),UUEE,URMG,"A320,A20N,B738",2:40,,12/12/2025 3:00pm
SU1580,Historic,Moscow (SVO),Simferopol (SIP,UUEE,URFF,"A320,A20N,A321,A333,B738,B77W",2:40,,12/12/2025 3:00pm
SU2853,Winter,Orenburg (REN),St. Petersburg (LED),UWOO,ULLI,A320,2:40,,12/12/2025 3:00pm
SU1581,Historic,Simferopol (SIP,Moscow (SVO),URFF,UUEE,"A320,A20N,A321,A333,B738,B77W",2:40,,12/12/2025 3:00pm
SU1507,Winter,Tyumen (TJM),Moscow (SVO),USTR,UUEE,"A320,A20N,A321",2:40,,12/12/2025 3:00pm
SU1505,AFL,Tyumen (TJM),Moscow (SVO),USTR,UUEE,"A320,A20N",2:40,,12/12/2025 3:00pm
SU1503,AFL,Tyumen (TJM),Moscow (SVO),USTR,UUEE,"A320,A20N,A321,B738",2:40,,12/12/2025 3:00pm
SU2864,Historic,Anapa (AAQ),Ufa (UFA),URKA,UWUU,A320,2:35,,12/12/2025 3:00pm
SU1499,AFL,Grozny (GRV),Moscow (SVO),URMG,UUEE,"A320,A20N,B738",2:35,,12/12/2025 3:00pm
SU1051,Summer,Makhachkala (MCX),Moscow (SVO),URML,UUEE,"A320,A20N,A321,B738",2:35,,12/12/2025 3:00pm
SU2824,Summer,Mineralnye Vody (MRV),Samara (KUF),URMM,UWWW,A320,2:35,,12/12/2025 3:00pm
SU1050,Summer,Moscow (SVO),Makhachkala (MCX),UUEE,URML,"A320,A20N,A321,B738",2:35,,12/12/2025 3:00pm
SU1054,AFL,Moscow (SVO),Makhachkala (MCX),UUEE,URML,"A320,A20N",2:35,,12/12/2025 3:00pm
SU1052,AFL,Moscow (SVO),Makhachkala (MCX),UUEE,URML,A320,2:35,,12/12/2025 3:00pm
SU1058,AFL,Moscow (SVO),Makhachkala (MCX),UUEE,URML,"A320,A20N,A321",2:35,,12/12/2025 3:00pm
SU2825,Summer,Samara (KUF),Mineralnye Vody (MRV),UWWW,URMM,A320,2:35,,12/12/2025 3:00pm
SU2865,Historic,Ufa (UFA),Anapa (AAQ),UWUU,URKA,A320,2:35,,12/12/2025 3:00pm
SU2819,Summer,Ufa (UFA),Mineralnye Vody (MRV),UWUU,URMM,A320,2:35,,12/12/2025 3:00pm
SU2907,Historic,Anapa (AAQ),Kazan (KZN),URKA,UWKD,A320,2:30,,12/12/2025 3:00pm
SU1173,AFL,Astrakhan (ASF),Moscow (SVO),URWA,UUEE,"A320,A20N,A321,B738",2:30,,12/12/2025 3:00pm
SU1959,AFL,Atyrau (GUW),Moscow (SVO),UATG,UUEE,A320,2:30,,12/12/2025 3:00pm
SU2031,Historic,Budapest (BUD),Moscow (SVO),LHBP,UUEE,A321,2:30,,12/12/2025 3:00pm
SU1497,AFL,Grozny (GRV),Moscow (SVO),URMG,UUEE,"A320,A20N,B738",2:30,,12/12/2025 3:00pm
SU711,Historic,Hamburg (HAM),St. Petersburg (LED),EDDH,ULLI,A320,2:30,,12/12/2025 3:00pm
SU2906,Historic,Kazan (KZN),Anapa (AAQ),UWKD,URKA,A320,2:30,,12/12/2025 3:00pm
SU1382,AFL,Moscow (SVO),Khanty-Mansiysk (HMA),UUEE,USHH,"A320,A321,A21N",2:30,,12/12/2025 3:00pm
SU1384,Summer,Moscow (SVO),Khanty-Mansiysk (HMA),UUEE,USHH,"A320,B738",2:30,,12/12/2025 3:00pm
SU1056,AFL,Moscow (SVO),Makhachkala (MCX),UUEE,URML,"A320,A20N,A321",2:30,,12/12/2025 3:00pm
SU710,Historic,St. Petersburg (LED),Hamburg (HAM),ULLI,EDDH,A320,2:30,,12/12/2025 3:00pm
SU2852,Winter,St. Petersburg (LED),Orenburg (REN),ULLI,UWOO,A320,2:30,,12/12/2025 3:00pm
SU844,Historic,Voronezh (VOZ),Yerevan (EVN),UUOO,UDYZ,A320,2:30,,12/12/2025 3:00pm
SU1021,Summer,Yekaterinburg (SVX),Moscow (SVO),USSS,UUEE,"A320,A321,B738",2:30,,12/12/2025 3:00pm
SU845,Historic,YereVan (EVN),Voronezh (VOZ),UDYZ,UUOO,A320,2:30,,12/12/2025 3:00pm
SU1643,AFL,Astrakhan (ASF),Moscow (SVO),URWA,UUEE,"A320,A20N,A321",2:25,,12/12/2025 3:00pm
SU1175,AFL,Astrakhan (ASF),Moscow (SVO),URWA,UUEE,"A320,A321,B738",2:25,,12/12/2025 3:00pm
SU1093,Summer,Chelyabinsk (CEK),Moscow (SVO),USCC,UUEE,"A320,A321",2:25,,12/12/2025 3:00pm
SU1081,Historic,Gelendzhink (GDZ),Moscow (SVO),URKG,UUEE,"A320,A20N",2:25,,12/12/2025 3:00pm
SU1080,Historic,Moscow (SVO),Gelendzhink (GDZ),UUEE,URKG,"A320,A20N",2:25,,12/12/2025 3:00pm
SU1061,AFL,Orsk (OSW),Moscow (SVO),UWOR,UUEE,A320,2:25,,12/12/2025 3:00pm
SU1433,Summer,Yekaterinburg (SVX),Moscow (SVO),USSS,UUEE,B738,2:25,,12/12/2025 3:00pm
SU1679,AFL,Astrakhan (ASF),Moscow (SVO),URWA,UUEE,"A320,A20N,A321,B738",2:20,,12/12/2025 3:00pm
SU1421,AFL,Chelyabinsk (CEK),Moscow (SVO),USCC,UUEE,"A320,A20N,A321,A21N,B738",2:20,,12/12/2025 3:00pm
SU1427,AFL,Chelyabinsk (CEK),Moscow (SVO),USCC,UUEE,"A320,A321,A21N",2:20,,12/12/2025 3:00pm
SU1423,AFL,Chelyabinsk (CEK),Moscow (SVO),USCC,UUEE,"A320,A321,A21N,B738",2:20,,12/12/2025 3:00pm
SU1795,AFL,Chelyabinsk (CEK),Moscow (SVO),USCC,UUEE,A320,2:20,,12/12/2025 3:00pm
SU1533,AFL,Chelyabinsk (CEK),Moscow (SVO),USCC,UUEE,"A320,A321,A21N",2:20,,12/12/2025 3:00pm
SU1015,Summer,Kaliningrad (KGD),Moscow (SVO),UMKK,UUEE,"A320,A321",2:20,,12/12/2025 3:00pm
SU1435,AFL,Magnitogorsk (MQF),Moscow (SVO),USCM,UUEE,A320,2:20,,12/12/2025 3:00pm
SU2822,Summer,Mineralnye Vody (MRV),Kazan (KZN),URMM,UWKD,A320,2:20,,12/12/2025 3:00pm
SU1014,Summer,Moscow (SVO),Kaliningrad (KGD),UUEE,UMKK,"A320,A321",2:20,,12/12/2025 3:00pm
SU1004,AFL,Moscow (SVO),Kaliningrad (KGD),UUEE,UMKK,"A320,A321,A21N",2:20,,12/12/2025 3:00pm
SU1008,AFL,Moscow (SVO),Kaliningrad (KGD),UUEE,UMKK,"A320,A321,A21N",2:20,,12/12/2025 3:00pm
SU1006,AFL,Moscow (SVO),Kaliningrad (KGD),UUEE,UMKK,"A320,A321,A21N",2:20,,12/12/2025 3:00pm
SU1024,Summer,Moscow (SVO),Kaliningrad (KGD),UUEE,UMKK,A320,2:20,,12/12/2025 3:00pm
SU1000,AFL,Moscow (SVO),Kaliningrad (KGD),UUEE,UMKK,"A320,A321,A21N",2:20,,12/12/2025 3:00pm
SU1506,Winter,Moscow (SVO),Tyumen (TJM),UUEE,USTR,"A320,A20N,A321",2:20,,12/12/2025 3:00pm
SU1504,AFL,Moscow (SVO),Tyumen (TJM),UUEE,USTR,"A320,A20N",2:20,,12/12/2025 3:00pm
SU2869,Historic,Perm (PEE),St. Petersburg (LED),USPP,ULLI,A320,2:20,,12/12/2025 3:00pm
SU1437,Summer,Yekaterinburg (SVX),Moscow (SVO),USSS,UUEE,"A320,A321,B738",2:20,,12/12/2025 3:00pm
SU1409,Summer,Yekaterinburg (SVX),Moscow (SVO),USSS,UUEE,B738,2:20,,12/12/2025 3:00pm
SU1405,AFL,Yekaterinburg (SVX),Moscow (SVO),USSS,UUEE,"A320,A20N,A321,A333,B738",2:20,,12/12/2025 3:00pm
SU1413,AFL,Yekaterinburg (SVX),Moscow (SVO),USSS,UUEE,"A320,A321,A21N",2:20,,12/12/2025 3:00pm
SU1403,AFL,Yekaterinburg (SVX),Moscow (SVO),USSS,UUEE,"A320,A20N,A321,A21N",2:20,,12/12/2025 3:00pm
SU1649,Summer,Astrakhan (ASF),Moscow (SVO),URWA,UUEE,A320,2:15,,12/12/2025 3:00pm
SU1009,AFL,Kaliningrad (KGD),Moscow (SVO),UMKK,UUEE,"A320,A321",2:15,,12/12/2025 3:00pm
SU1005,AFL,Kaliningrad (KGD),Moscow (SVO),UMKK,UUEE,"A320,A321,A21N",2:15,,12/12/2025 3:00pm
SU1019,Summer,Kaliningrad (KGD),Moscow (SVO),UMKK,UUEE,"A320,A321",2:15,,12/12/2025 3:00pm
SU1007,AFL,Kaliningrad (KGD),Moscow (SVO),UMKK,UUEE,"A320,A321,A21N",2:15,,12/12/2025 3:00pm
SU1013,AFL,Kaliningrad (KGD),Moscow (SVO),UMKK,UUEE,"A320,A321,A21N",2:15,,12/12/2025 3:00pm
SU1011,Summer,Kaliningrad (KGD),Moscow (SVO),UMKK,UUEE,"A320,A321,A21N",2:15,,12/12/2025 3:00pm
SU1001,AFL,Kaliningrad (KGD),Moscow (SVO),UMKK,UUEE,"A320,A321,A21N",2:15,,12/12/2025 3:00pm
SU1172,AFL,Moscow (SVO),Astrakhan (ASF),UUEE,URWA,"A320,A20N,A321,B738",2:15,,12/12/2025 3:00pm
SU1010,Summer,Moscow (SVO),Kaliningrad (KGD),UUEE,UMKK,"A320,A321,A21N",2:15,,12/12/2025 3:00pm
SU1012,AFL,Moscow (SVO),Kaliningrad (KGD),UUEE,UMKK,"A320,A321,A21N",2:15,,12/12/2025 3:00pm
SU1016,Summer,Moscow (SVO),Kaliningrad (KGD),UUEE,UMKK,"A320,A321",2:15,,12/12/2025 3:00pm
SU1002,AFL,Moscow (SVO),Kaliningrad (KGD),UUEE,UMKK,"A320,A321,A21N",2:15,,12/12/2025 3:00pm
SU1018,Summer,Moscow (SVO),Kaliningrad (KGD),UUEE,UMKK,"A320,A321",2:15,,12/12/2025 3:00pm
SU1324,AFL,Moscow (SVO),Murmansk (MMK),UUEE,ULMM,"A320,A321,B738",2:15,,12/12/2025 3:00pm
SU2210,Historic,Moscow (SVO),Stocklholm Arlanda (ARN),UUEE,ESSA,"A320,B738",2:15,,12/12/2025 3:00pm
SU1502,AFL,Moscow (SVO),Tyumen (TJM),UUEE,USTR,"A320,A20N,A321,B738",2:15,,12/12/2025 3:00pm
SU1568,Summer,Moscow (SVO),Tyumen (TJM),UUEE,USTR,"A320,A321,B738",2:15,,12/12/2025 3:00pm
SU1500,Summer,Moscow (SVO),Tyumen (TJM),UUEE,USTR,"A320,A20N,A321,B738",2:15,,12/12/2025 3:00pm
SU2211,Historic,Stocklholm Arlanda (ARN),Moscow (SVO),ESSA,UUEE,"A320,B738",2:15,,12/12/2025 3:00pm
SU1415,AFL,Yekaterinburg (SVX),Moscow (SVO),USSS,UUEE,"A320,A20N,A321,A21N",2:15,,12/12/2025 3:00pm
SU1401,AFL,Yekaterinburg (SVX),Moscow (SVO),USSS,UUEE,"A320,A20N,A321,B738",2:15,,12/12/2025 3:00pm
SU1419,Summer,Yekaterinburg (SVX),Moscow (SVO),USSS,UUEE,"A320,A20N,A321,B738",2:15,,12/12/2025 3:00pm
SU1411,Winter,Yekaterinburg (SVX),Moscow (SVO),USSS,UUEE,"A320,A321",2:15,,12/12/2025 3:00pm
SU1407,AFL,Yekaterinburg (SVX),Moscow (SVO),USSS,UUEE,"A320,A321,A333,B738",2:15,,12/12/2025 3:00pm
SU1417,AFL,Yekaterinburg (SVX),Moscow (SVO),USSS,UUEE,"A320,A321,B738",2:15,,12/12/2025 3:00pm
SU1143,Historic,Anapa (AAQ),Moscow (SVO),URKA,UUEE,A320,2:10,,12/12/2025 3:00pm
SU1331,AFL,Arkhangelsk Talagi (ARH),Moscow (SVO),ULAA,UUEE,A320,2:10,,12/12/2025 3:00pm
SU2497,Historic,Copenhagen (CPH),Moscow (SVO),EKCH,UUEE,A320,2:10,,12/12/2025 3:00pm
SU1025,Summer,Kaliningrad (KGD),Moscow (SVO),UMKK,UUEE,A320,2:10,,12/12/2025 3:00pm
SU1017,Summer,Kaliningrad (KGD),Moscow (SVO),UMKK,UUEE,"A320,A321",2:10,,12/12/2025 3:00pm
SU1073,Summer,Kaliningrad (KGD),Moscow (SVO),UMKK,UUEE,A320,2:10,,12/12/2025 3:00pm
SU1003,AFL,Kaliningrad (KGD),Moscow (SVO),UMKK,UUEE,"A320,A321,A21N",2:10,,12/12/2025 3:00pm
SU1429,Winter,Magnitogorsk (MQF),Moscow (SVO),USCM,UUEE,"A320,A321",2:10,,12/12/2025 3:00pm
SU1142,Historic,Moscow (SVO),Anapa (AAQ),UUEE,URKA,A320,2:10,,12/12/2025 3:00pm
SU1330,AFL,Moscow (SVO),Arkhangelsk Talagi (ARH),UUEE,ULAA,A320,2:10,,12/12/2025 3:00pm
SU1678,AFL,Moscow (SVO),Astrakhan (ASF),UUEE,URWA,"A320,A20N,A321,B738",2:10,,12/12/2025 3:00pm
SU1648,Summer,Moscow (SVO),Astrakhan (ASF),UUEE,URWA,A320,2:10,,12/12/2025 3:00pm
SU1174,AFL,Moscow (SVO),Astrakhan (ASF),UUEE,URWA,"A320,A321,B738",2:10,,12/12/2025 3:00pm
SU1642,AFL,Moscow (SVO),Astrakhan (ASF),UUEE,URWA,"A320,A20N,A321",2:10,,12/12/2025 3:00pm
SU2496,Historic,Moscow (SVO),Copenhagen (CPH),UUEE,EKCH,A320,2:10,,12/12/2025 3:00pm
SU1072,Summer,Moscow (SVO),Kaliningrad (KGD),UUEE,UMKK,A320,2:10,,12/12/2025 3:00pm
SU1320,AFL,Moscow (SVO),Murmansk (MMK),UUEE,ULMM,"A320,A20N,A321",2:10,,12/12/2025 3:00pm
SU1318,Winter,Moscow (SVO),Murmansk (MMK),UUEE,ULMM,"A320,A20N,A321,B738",2:10,,12/12/2025 3:00pm
SU1326,AFL,Moscow (SVO),Murmansk (MMK),UUEE,ULMM,"A320,A20N,A321,A21N",2:10,,12/12/2025 3:00pm
SU613,Historic,RostoV-on-Don PlatoV (ROV),Yerevan (EVN),URRP,UDYZ,A320,2:10,,12/12/2025 3:00pm
SU612,Historic,YereVan (EVN),Rostov-on-Don Platov (ROV),UDYZ,URRP,A320,2:10,,12/12/2025 3:00pm
SU1335,AFL,Arkhangelsk Talagi (ARH),Moscow (SVO),ULAA,UUEE,A320,2:05,,12/12/2025 3:00pm
SU1333,AFL,Arkhangelsk Talagi (ARH),Moscow (SVO),ULAA,UUEE,A320,2:05,,12/12/2025 3:00pm
SU1334,AFL,Moscow (SVO),Arkhangelsk Talagi (ARH),UUEE,ULAA,A320,2:05,,12/12/2025 3:00pm
SU1332,AFL,Moscow (SVO),Arkhangelsk Talagi (ARH),UUEE,ULAA,A320,2:05,,12/12/2025 3:00pm
SU1958,AFL,Moscow (SVO),Atyrau (GUW),UUEE,UATG,A320,2:05,,12/12/2025 3:00pm
SU1794,AFL,Moscow (SVO),Chelyabinsk (CEK),UUEE,USCC,A320,2:05,,12/12/2025 3:00pm
SU1426,AFL,Moscow (SVO),Chelyabinsk (CEK),UUEE,USCC,"A320,A321,A21N",2:05,,12/12/2025 3:00pm
SU1316,Summer,Moscow (SVO),Murmansk (MMK),UUEE,ULMM,"A320,A20N,A321,B738",2:05,,12/12/2025 3:00pm
SU1060,AFL,Moscow (SVO),Orsk (OSW),UUEE,UWOR,A320,2:05,,12/12/2025 3:00pm
SU2000,Historic,Moscow (SVO),Warsaw (WAW),UUEE,EPWA,A320,2:05,,12/12/2025 3:00pm
SU1321,AFL,Murmansk (MMK),Moscow (SVO),ULMM,UUEE,"A320,A20N,A321",2:05,,12/12/2025 3:00pm
SU1325,AFL,Murmansk (MMK),Moscow (SVO),ULMM,UUEE,"A320,A321,B738",2:05,,12/12/2025 3:00pm
SU1319,Winter,Murmansk (MMK),Moscow (SVO),ULMM,UUEE,"A320,A20N,A321,B738",2:05,,12/12/2025 3:00pm
SU1243,Summer,Orenburg (REN),Moscow (SVO),UWOO,UUEE,"A320,A321",2:05,,12/12/2025 3:00pm
SU1249,AFL,Orenburg (REN),Moscow (SVO),UWOO,UUEE,"A320,A20N,A321,B738",2:05,,12/12/2025 3:00pm
SU2868,Historic,St. Petersburg (LED),Perm (PEE),ULLI,USPP,A320,2:05,,12/12/2025 3:00pm
SU2001,Historic,Warsaw (WAW),Moscow (SVO),EPWA,UUEE,A320,2:05,,12/12/2025 3:00pm
SU1101,Historic,Krasnodar (KRR),Moscow (SVO),URKK,UUEE,"A320,A21N,B738",2:00,,12/12/2025 3:00pm
SU608,Historic,Krasnodar (KRR),Yerevan (EVN),URKK,UDYZ,A320,2:00,,12/12/2025 3:00pm
SU1346,AFL,Moscow (SVO),Apatity (KVK),UUEE,ULMK,A320,2:00,,12/12/2025 3:00pm
SU1422,AFL,Moscow (SVO),Chelyabinsk (CEK),UUEE,USCC,"A320,A321,A21N,B738",2:00,,12/12/2025 3:00pm
SU1092,Summer,Moscow (SVO),Chelyabinsk (CEK),UUEE,USCC,"A320,A321",2:00,,12/12/2025 3:00pm
SU1420,AFL,Moscow (SVO),Chelyabinsk (CEK),UUEE,USCC,"A320,A20N,A321,A21N,B738",2:00,,12/12/2025 3:00pm
SU1532,AFL,Moscow (SVO),Chelyabinsk (CEK),UUEE,USCC,"A320,A321,A21N",2:00,,12/12/2025 3:00pm
SU1100,Historic,Moscow (SVO),Krasnodar (KRR),UUEE,URKK,"A320,A21N,B738",2:00,,12/12/2025 3:00pm
SU1428,Winter,Moscow (SVO),Magnitogorsk (MQF),UUEE,USCM,"A320,A321",2:00,,12/12/2025 3:00pm
SU1434,AFL,Moscow (SVO),Magnitogorsk (MQF),UUEE,USCM,A320,2:00,,12/12/2025 3:00pm
SU1154,Historic,Moscow (SVO),Rostov-on-Don Platov (ROV),UUEE,URRP,"A320,A321",2:00,,12/12/2025 3:00pm
SU1020,Summer,Moscow (SVO),Yekaterinburg (SVX),UUEE,USSS,"A320,A321,B738",2:00,,12/12/2025 3:00pm
SU1402,AFL,Moscow (SVO),Yekaterinburg (SVX),UUEE,USSS,"A320,A20N,A321,A21N",2:00,,12/12/2025 3:00pm
SU1412,AFL,Moscow (SVO),Yekaterinburg (SVX),UUEE,USSS,"A320,A321,A21N",2:00,,12/12/2025 3:00pm
SU1410,Winter,Moscow (SVO),Yekaterinburg (SVX),UUEE,USSS,"A320,A321",2:00,,12/12/2025 3:00pm
SU1400,AFL,Moscow (SVO),Yekaterinburg (SVX),UUEE,USSS,"A320,A20N,A321,B738",2:00,,12/12/2025 3:00pm
SU1416,AFL,Moscow (SVO),Yekaterinburg (SVX),UUEE,USSS,"A320,A321,B738",2:00,,12/12/2025 3:00pm
SU1414,AFL,Moscow (SVO),Yekaterinburg (SVX),UUEE,USSS,"A320,A20N,A321,A21N",2:00,,12/12/2025 3:00pm
SU1404,AFL,Moscow (SVO),Yekaterinburg (SVX),UUEE,USSS,"A320,A20N,A321,A333,B738",2:00,,12/12/2025 3:00pm
SU1327,AFL,Murmansk (MMK),Moscow (SVO),ULMM,UUEE,"A320,A20N,A321,A21N",2:00,,12/12/2025 3:00pm
SU1317,Summer,Murmansk (MMK),Moscow (SVO),ULMM,UUEE,"A320,A20N,A321,B738",2:00,,12/12/2025 3:00pm
SU1245,AFL,Orenburg (REN),Moscow (SVO),UWOO,UUEE,"A320,A20N,A321,B738",2:00,,12/12/2025 3:00pm
SU1247,AFL,Orenburg (REN),Moscow (SVO),UWOO,UUEE,"A320,A20N,B738",2:00,,12/12/2025 3:00pm
SU1155,Historic,RostoV-on-Don PlatoV (ROV),Moscow (SVO),URRP,UUEE,"A320,A321",2:00,,12/12/2025 3:00pm
SU609,Historic,YereVan (EVN),Krasnodar (KRR),UDYZ,URKK,A320,2:00,,12/12/2025 3:00pm
SU1347,AFL,Apatity (KVK),Moscow (SVO),ULMK,UUEE,A320,1:55,,12/12/2025 3:00pm
SU1406,AFL,Moscow (SVO),Yekaterinburg (SVX),UUEE,USSS,"A320,A321,A333,B738",1:55,,12/12/2025 3:00pm
SU1408,Summer,Moscow (SVO),Yekaterinburg (SVX),UUEE,USSS,B738,1:55,,12/12/2025 3:00pm
SU1432,Summer,Moscow (SVO),Yekaterinburg (SVX),UUEE,USSS,B738,1:55,,12/12/2025 3:00pm
SU1418,Summer,Moscow (SVO),Yekaterinburg (SVX),UUEE,USSS,"A320,A20N,A321,B738",1:55,,12/12/2025 3:00pm
SU1436,Summer,Moscow (SVO),Yekaterinburg (SVX),UUEE,USSS,"A320,A321,B738",1:55,,12/12/2025 3:00pm
SU1657,Summer,Perm (PEE),Moscow (SVO),USPP,UUEE,"A320,A321",1:55,,12/12/2025 3:00pm
SU1395,AFL,Perm (PEE),Moscow (SVO),USPP,UUEE,"A320,A321",1:55,,12/12/2025 3:00pm
SU1201,AFL,Perm (PEE),Moscow (SVO),USPP,UUEE,"A320,A20N,A321",1:55,,12/12/2025 3:00pm
SU1769,AFL,Perm (PEE),Moscow (SVO),USPP,UUEE,"A320,A321,A21N,B738",1:55,,12/12/2025 3:00pm
SU1259,AFL,Ufa (UFA),Moscow (SVO),UWUU,UUEE,A320,1:55,,12/12/2025 3:00pm
SU1231,AFL,Ufa (UFA),Moscow (SVO),UWUU,UUEE,"A320,A321,B738",1:55,,12/12/2025 3:00pm
SU1233,AFL,Ufa (UFA),Moscow (SVO),UWUU,UUEE,"A320,A20N,A321,B738",1:55,,12/12/2025 3:00pm
SU1237,Winter,Ufa (UFA),Moscow (SVO),UWUU,UUEE,A320,1:55,,12/12/2025 3:00pm
SU1263,Summer,Ufa (UFA),Moscow (SVO),UWUU,UUEE,"A320,A321,B738",1:55,,12/12/2025 3:00pm
SU1261,AFL,Ufa (UFA),Moscow (SVO),UWUU,UUEE,"A320,A321,A21N",1:55,,12/12/2025 3:00pm
SU1235,AFL,Ufa (UFA),Moscow (SVO),UWUU,UUEE,"A320,A321,B738",1:55,,12/12/2025 3:00pm
SU767,Summer,Dalaman (DLM),Sochi (AER),LTBS,URSS,A320,1:50,,12/12/2025 3:00pm
SU2201,Historic,Helsinki Vantaa (HEL),Moscow (SVO),EFHK,UUEE,A320,1:50,,12/12/2025 3:00pm
SU2200,Historic,Moscow (SVO),Helsinki Vantaa (HEL),UUEE,EFHK,A320,1:50,,12/12/2025 3:00pm
SU1248,AFL,Moscow (SVO),Orenburg (REN),UUEE,UWOO,"A320,A20N,A321,B738",1:50,,12/12/2025 3:00pm
SU1246,AFL,Moscow (SVO),Orenburg (REN),UUEE,UWOO,"A320,A20N,B738",1:50,,12/12/2025 3:00pm
SU766,Summer,Sochi (AER),Dalaman (DLM),URSS,LTBS,A320,1:50,,12/12/2025 3:00pm
SU2844,Historic,St. Petersburg (LED),Kaliningrad (KGD),ULLI,UMKK,A302,1:50,,12/12/2025 3:00pm
SU1425,Summer,Ufa (UFA),Moscow (SVO),UWUU,UUEE,"A320,A321",1:50,,12/12/2025 3:00pm
SU1293,AFL,IzheVsk (IJK),Moscow (SVO),USII,UUEE,"A320,A321,B738",1:45,,12/12/2025 3:00pm
SU1244,AFL,Moscow (SVO),Orenburg (REN),UUEE,UWOO,"A320,A20N,A321,B738",1:45,,12/12/2025 3:00pm
SU1242,Summer,Moscow (SVO),Orenburg (REN),UUEE,UWOO,"A320,A321",1:45,,12/12/2025 3:00pm
SU2100,Historic,Moscow (SVO),Riga (RIX),UUEE,EVRA,A320,1:45,,12/12/2025 3:00pm
SU1236,Winter,Moscow (SVO),Ufa (UFA),UUEE,UWUU,A320,1:45,,12/12/2025 3:00pm
SU2101,Historic,Riga (RIX),Moscow (SVO),EVRA,UUEE,A320,1:45,,12/12/2025 3:00pm
SU761,Summer,Bodrum (BJV),Sochi (AER),LTFE,URSS,A320,1:40,,12/12/2025 3:00pm
SU1297,Summer,IzheVsk (IJK),Moscow (SVO),USII,UUEE,"A320,A321",1:40,,12/12/2025 3:00pm
SU1200,AFL,Moscow (SVO),Perm (PEE),UUEE,USPP,"A320,A20N,A321",1:40,,12/12/2025 3:00pm
SU1394,AFL,Moscow (SVO),Perm (PEE),UUEE,USPP,"A320,A321",1:40,,12/12/2025 3:00pm
SU1768,AFL,Moscow (SVO),Perm (PEE),UUEE,USPP,"A320,A321,A21N,B738",1:40,,12/12/2025 3:00pm
SU1656,Summer,Moscow (SVO),Perm (PEE),UUEE,USPP,"A320,A321",1:40,,12/12/2025 3:00pm
SU1258,AFL,Moscow (SVO),Ufa (UFA),UUEE,UWUU,A320,1:40,,12/12/2025 3:00pm
SU1230,AFL,Moscow (SVO),Ufa (UFA),UUEE,UWUU,"A320,A321,B738",1:40,,12/12/2025 3:00pm
SU1262,Summer,Moscow (SVO),Ufa (UFA),UUEE,UWUU,"A320,A321,B738",1:40,,12/12/2025 3:00pm
SU1424,Summer,Moscow (SVO),Ufa (UFA),UUEE,UWUU,"A320,A321",1:40,,12/12/2025 3:00pm
SU1260,AFL,Moscow (SVO),Ufa (UFA),UUEE,UWUU,"A320,A321,A21N",1:40,,12/12/2025 3:00pm
SU1234,AFL,Moscow (SVO),Ufa (UFA),UUEE,UWUU,"A320,A321,B738",1:40,,12/12/2025 3:00pm
SU1232,AFL,Moscow (SVO),Ufa (UFA),UUEE,UWUU,"A320,A20N,A321,B738",1:40,,12/12/2025 3:00pm
SU1350,Historic,Moscow (SVO),Voronezh (VOZ),UUEE,UUOO,"A320,SU95",1:40,,12/12/2025 3:00pm
SU2863,Historic,Murmansk (MMK),St. Petersburg (LED),ULMM,ULLI,A320,1:40,,12/12/2025 3:00pm
SU760,Summer,Sochi (AER),Bodrum (BJV),URSS,LTFE,A320,1:40,,12/12/2025 3:00pm
SU1391,AFL,SyktyVkar (SCW),Moscow (SVO),UUYY,UUEE,"A320,A20N,B738",1:40,,12/12/2025 3:00pm
SU1351,Historic,Voronezh (VOZ),Moscow (SVO),UUOO,UUEE,"A320,SU95",1:40,,12/12/2025 3:00pm
SU753,Summer,Antalya (AYT),Sochi (AER),LTAI,URSS,A320,1:35,,12/12/2025 3:00pm
SU1758,AFL,Moscow (SVO),Volgograd (VOG),UUEE,URWW,"A320,A321",1:35,,12/12/2025 3:00pm
SU1182,AFL,Moscow (SVO),Volgograd (VOG),UUEE,URWW,"A320,A321",1:35,,12/12/2025 3:00pm
SU1681,AFL,Naberezhnye Chelny (NBC),Moscow (SVO),UWKE,UUEE,"A320,A321,A21N,B738",1:35,,12/12/2025 3:00pm
SU1253,Summer,Naberezhnye Chelny (NBC),Moscow (SVO),UWKE,UUEE,A320,1:35,,12/12/2025 3:00pm
SU1255,Winter,Naberezhnye Chelny (NBC),Moscow (SVO),UWKE,UUEE,"A320,A321,A21N,B738",1:35,,12/12/2025 3:00pm
SU1251,AFL,Naberezhnye Chelny (NBC),Moscow (SVO),UWKE,UUEE,"A320,A321,B738",1:35,,12/12/2025 3:00pm
SU1685,Summer,Samara (KUF),Moscow (SVO),UWWW,UUEE,"A320,B738",1:35,,12/12/2025 3:00pm
SU1213,AFL,Samara (KUF),Moscow (SVO),UWWW,UUEE,"A320,A20N,A321,B738",1:35,,12/12/2025 3:00pm
SU1211,Summer,Samara (KUF),Moscow (SVO),UWWW,UUEE,"A320,A321",1:35,,12/12/2025 3:00pm
SU752,Summer,Sochi (AER),Antalya (AYT),URSS,LTAI,A320,1:35,,12/12/2025 3:00pm
SU1397,Winter,SyktyVkar (SCW),Moscow (SVO),UUYY,UUEE,"A320,A20N",1:35,,12/12/2025 3:00pm
SU1759,AFL,Volgograd (VOG),Moscow (SVO),URWW,UUEE,"A320,A321",1:35,,12/12/2025 3:00pm
SU1189,Summer,Volgograd (VOG),Moscow (SVO),URWW,UUEE,"A320,A321",1:35,,12/12/2025 3:00pm
SU1185,AFL,Volgograd (VOG),Moscow (SVO),URWW,UUEE,"A320,A321,B738",1:35,,12/12/2025 3:00pm
SU2843,Historic,Kaliningrad (KGD),St. Petersburg (LED),UMKK,ULLI,A320,1:30,,12/12/2025 3:00pm
SU1191,AFL,Kazan (KZN),Moscow (SVO),UWKD,UUEE,"A320,A20N,A321,B738",1:30,,12/12/2025 3:00pm
SU606,Historic,Mineralnye Vody (MRV),Yerevan (EVN),URMM,UDYZ,A320,1:30,,12/12/2025 3:00pm
SU1292,AFL,Moscow (SVO),Izhevsk (IJK),UUEE,USII,"A320,A321,B738",1:30,,12/12/2025 3:00pm
SU1296,Summer,Moscow (SVO),Izhevsk (IJK),UUEE,USII,"A320,A321",1:30,,12/12/2025 3:00pm
SU1254,Winter,Moscow (SVO),Naberezhnye Chelny (NBC),UUEE,UWKE,"A320,A321,A21N,B738",1:30,,12/12/2025 3:00pm
SU1396,Winter,Moscow (SVO),Syktyvkar (SCW),UUEE,UUYY,"A320,A20N",1:30,,12/12/2025 3:00pm
SU1186,Winter,Moscow (SVO),Volgograd (VOG),UUEE,URWW,A320,1:30,,12/12/2025 3:00pm
SU1184,AFL,Moscow (SVO),Volgograd (VOG),UUEE,URWW,"A320,A321,B738",1:30,,12/12/2025 3:00pm
SU1188,Summer,Moscow (SVO),Volgograd (VOG),UUEE,URWW,"A320,A321",1:30,,12/12/2025 3:00pm
SU1605,AFL,Samara (KUF),Moscow (SVO),UWWW,UUEE,"A320,A321,A21N",1:30,,12/12/2025 3:00pm
SU1215,AFL,Samara (KUF),Moscow (SVO),UWWW,UUEE,"A320,A321",1:30,,12/12/2025 3:00pm
SU1603,AFL,Samara (KUF),Moscow (SVO),UWWW,UUEE,"A320,A20N,A321",1:30,,12/12/2025 3:00pm
SU1219,Summer,Samara (KUF),Moscow (SVO),UWWW,UUEE,"A320,A321,B738",1:30,,12/12/2025 3:00pm
SU1217,AFL,Samara (KUF),Moscow (SVO),UWWW,UUEE,"A320,A321",1:30,,12/12/2025 3:00pm
SU2842,Historic,St. Petersburg (LED),Kaliningrad (KGD),ULLI,UMKK,A320,1:30,,12/12/2025 3:00pm
SU2862,Historic,St. Petersburg (LED),Murmansk (MMK),ULLI,ULMM,A320,1:30,,12/12/2025 3:00pm
SU1183,AFL,Volgograd (VOG),Moscow (SVO),URWW,UUEE,"A320,A321",1:30,,12/12/2025 3:00pm
SU1187,Winter,Volgograd (VOG),Moscow (SVO),URWW,UUEE,A320,1:30,,12/12/2025 3:00pm
SU607,Historic,YereVan (EVN),Mineralnye Vody (MRV),UDYZ,URMM,A320,1:30,,12/12/2025 3:00pm
SU1291,Summer,Kazan (KZN),Moscow (SVO),UWKD,UUEE,"A320,A20N,A321",1:25,,12/12/2025 3:00pm
SU1269,Summer,Kazan (KZN),Moscow (SVO),UWKD,UUEE,"A320,A20N,A321,B738",1:25,,12/12/2025 3:00pm
SU1680,AFL,Moscow (SVO),Naberezhnye Chelny (NBC),UUEE,UWKE,"A320,A321,A21N,B738",1:25,,12/12/2025 3:00pm
SU1250,AFL,Moscow (SVO),Naberezhnye Chelny (NBC),UUEE,UWKE,"A320,A321,B738",1:25,,12/12/2025 3:00pm
SU1602,AFL,Moscow (SVO),Samara (KUF),UUEE,UWWW,"A320,A20N,A321",1:25,,12/12/2025 3:00pm
SU1390,AFL,Moscow (SVO),Syktyvkar (SCW),UUEE,UUYY,"A320,A20N,B738",1:25,,12/12/2025 3:00pm
SU614,Historic,Sochi (AER),Yerevan (EVN),URSS,UDYZ,A320,1:25,,12/12/2025 3:00pm
SU615,Historic,YereVan (EVN),Sochi (AER),UDYZ,URSS,A320,1:25,,12/12/2025 3:00pm
SU2845,Historic,Kaliningrad (KGD),St. Petersburg (LED),UMKK,ULLI,A302,1:20,,12/12/2025 3:00pm
SU1279,Winter,Kazan (KZN),Moscow (SVO),UWKD,UUEE,"A320,A321",1:20,,12/12/2025 3:00pm
SU1277,AFL,Kazan (KZN),Moscow (SVO),UWKD,UUEE,"A320,A20N,A321,B738",1:20,,12/12/2025 3:00pm
SU1195,AFL,Kazan (KZN),Moscow (SVO),UWKD,UUEE,"A320,A321",1:20,,12/12/2025 3:00pm
SU1199,Summer,Kazan (KZN),Moscow (SVO),UWKD,UUEE,"A320,A321",1:20,,12/12/2025 3:00pm
SU1271,AFL,Kazan (KZN),Moscow (SVO),UWKD,UUEE,"A320,A321",1:20,,12/12/2025 3:00pm
SU1193,AFL,Kazan (KZN),Moscow (SVO),UWKD,UUEE,"A320,A20N,A321,A21N,B738",1:20,,12/12/2025 3:00pm
SU1252,Summer,Moscow (SVO),Naberezhnye Chelny (NBC),UUEE,UWKE,A320,1:20,,12/12/2025 3:00pm
SU1212,AFL,Moscow (SVO),Samara (KUF),UUEE,UWWW,"A320,A20N,A321,B738",1:20,,12/12/2025 3:00pm
SU1214,AFL,Moscow (SVO),Samara (KUF),UUEE,UWWW,"A320,A321",1:20,,12/12/2025 3:00pm
SU1684,Summer,Moscow (SVO),Samara (KUF),UUEE,UWWW,"A320,B738",1:20,,12/12/2025 3:00pm
SU1216,AFL,Moscow (SVO),Samara (KUF),UUEE,UWWW,"A320,A321",1:20,,12/12/2025 3:00pm
SU1604,AFL,Moscow (SVO),Samara (KUF),UUEE,UWWW,"A320,A321,A21N",1:20,,12/12/2025 3:00pm
SU1356,AFL,Moscow (SVO),Saratov (GSV),UUEE,UWSG,"A320,A321",1:20,,12/12/2025 3:00pm
SU1358,AFL,Moscow (SVO),Saratov (GSV),UUEE,UWSG,"A320,A20N,A321",1:20,,12/12/2025 3:00pm
SU2104,Historic,Moscow (SVO),Vilnius (VNO),UUEE,EYVI,A320,1:20,,12/12/2025 3:00pm
SU1357,AFL,SaratoV (GSV),Moscow (SVO),UWSG,UUEE,"A320,A321",1:20,,12/12/2025 3:00pm
SU1359,AFL,SaratoV (GSV),Moscow (SVO),UWSG,UUEE,"A320,A20N,A321",1:20,,12/12/2025 3:00pm
SU774,Historic,Sochi (AER),Yerevan (EVN),URSS,UDYZ,A320,1:20,,12/12/2025 3:00pm
SU1389,Summer,UlyanoVsk (ULV),Moscow (SVO),UWLL,UUEE,A320,1:20,,12/12/2025 3:00pm
SU1287,Summer,UlyanoVsk (ULV),Moscow (SVO),UWLL,UUEE,"A320,A321,B738",1:20,,12/12/2025 3:00pm
SU2105,Historic,Vilnius (VNO),Moscow (SVO),EYVI,UUEE,A320,1:20,,12/12/2025 3:00pm
SU775,Historic,YereVan (EVN),Sochi (AER),UDYZ,URSS,A320,1:20,,12/12/2025 3:00pm
SU1833,AFL,Minsk (MSQ),Moscow (SVO),UMMS,UUEE,"A320,A321",1:15,,12/12/2025 3:00pm
SU1218,Summer,Moscow (SVO),Samara (KUF),UUEE,UWWW,"A320,A321,B738",1:15,,12/12/2025 3:00pm
SU1210,Summer,Moscow (SVO),Samara (KUF),UUEE,UWWW,"A320,A321",1:15,,12/12/2025 3:00pm
SU1545,Summer,Penza (PEZ),Moscow (SVO),UWPPP,UUEE,A320,1:15,,12/12/2025 3:00pm
SU1289,AFL,UlyanoVsk (ULV),Moscow (SVO),UWLL,UUEE,"A320,A321",1:15,,12/12/2025 3:00pm
SU2959,Summer,Makhachkala (MCX),Sochi (AER),URML,URSS,A320,1:10,,12/12/2025 3:00pm
SU1831,AFL,Minsk (MSQ),Moscow (SVO),UMMS,UUEE,"A320,B738",1:10,,12/12/2025 3:00pm
SU1835,AFL,Minsk (MSQ),Moscow (SVO),UMMS,UUEE,A320,1:10,,12/12/2025 3:00pm
SU1278,Winter,Moscow (SVO),Kazan (KZN),UUEE,UWKD,"A320,A321",1:10,,12/12/2025 3:00pm
SU1290,Summer,Moscow (SVO),Kazan (KZN),UUEE,UWKD,"A320,A20N,A321",1:10,,12/12/2025 3:00pm
SU1270,AFL,Moscow (SVO),Kazan (KZN),UUEE,UWKD,"A320,A321",1:10,,12/12/2025 3:00pm
SU1198,Summer,Moscow (SVO),Kazan (KZN),UUEE,UWKD,"A320,A321",1:10,,12/12/2025 3:00pm
SU1192,AFL,Moscow (SVO),Kazan (KZN),UUEE,UWKD,"A320,A20N,A321,A21N,B738",1:10,,12/12/2025 3:00pm
SU1194,AFL,Moscow (SVO),Kazan (KZN),UUEE,UWKD,"A320,A321",1:10,,12/12/2025 3:00pm
SU1190,AFL,Moscow (SVO),Kazan (KZN),UUEE,UWKD,"A320,A20N,A321,B738",1:10,,12/12/2025 3:00pm
SU1276,AFL,Moscow (SVO),Kazan (KZN),UUEE,UWKD,"A320,A20N,A321,B738",1:10,,12/12/2025 3:00pm
SU1834,AFL,Moscow (SVO),Minsk (MSQ),UUEE,UMMS,A320,1:10,,12/12/2025 3:00pm
SU1832,AFL,Moscow (SVO),Minsk (MSQ),UUEE,UMMS,"A320,A321",1:10,,12/12/2025 3:00pm
SU1286,Summer,Moscow (SVO),Ulyanovsk (ULV),UUEE,UWLL,"A320,A321,B738",1:10,,12/12/2025 3:00pm
SU1388,Summer,Moscow (SVO),Ulyanovsk (ULV),UUEE,UWLL,A320,1:10,,12/12/2025 3:00pm
SU1288,AFL,Moscow (SVO),Ulyanovsk (ULV),UUEE,UWLL,"A320,A321",1:10,,12/12/2025 3:00pm
SU2958,Summer,Sochi (AER),Makhachkala (MCX),URSS,URML,A320,1:10,,12/12/2025 3:00pm
SU1371,Historic,Belgorod (EGO),Moscow (SVO),UUOB,UUEE,A320,1:05,,12/12/2025 3:00pm
SU1843,AFL,Minsk (MSQ),Moscow (SVO),UMMS,UUEE,"A320,A20N,A321,B738",1:05,,12/12/2025 3:00pm
SU1370,Historic,Moscow (SVO),Belgorod (EGO),UUEE,UUOB,A320,1:05,,12/12/2025 3:00pm
SU1268,Summer,Moscow (SVO),Kazan (KZN),UUEE,UWKD,"A320,A20N,A321,B738",1:05,,12/12/2025 3:00pm
SU1830,AFL,Moscow (SVO),Minsk (MSQ),UUEE,UMMS,"A320,B738",1:05,,12/12/2025 3:00pm
SU1842,AFL,Moscow (SVO),Minsk (MSQ),UUEE,UMMS,"A320,A20N,A321,B738",1:05,,12/12/2025 3:00pm
SU38,Summer,Moscow (SVO),St. Petersburg (LED),UUEE,ULLI,B738,1:05,,12/12/2025 3:00pm
SU14,AFL,Moscow (SVO),St. Petersburg (LED),UUEE,ULLI,"A320,A321",1:05,,12/12/2025 3:00pm
SU13,AFL,St. Petersburg (LED),Moscow (SVO),ULLI,UUEE,"A320,A321,A21N",1:05,,12/12/2025 3:00pm
SU1544,Summer,Moscow (SVO),Penza (PEZ),UUEE,UWPP,A320,1:00,,12/12/2025 3:00pm
SU39,Summer,St. Petersburg (LED),Moscow (SVO),ULLI,UUEE,B738,1:00,,12/12/2025 3:00pm
SU1225,Winter,Nizhny NoVgorod (GOJ),Moscow (SVO),UWGG,UUEE,A320,0:55,,12/12/2025 3:00pm
SU1221,Summer,Nizhny NoVgorod (GOJ),Moscow (SVO),UWGG,UUEE,"A320,A321",0:55,,12/12/2025 3:00pm
SU1227,AFL,Nizhny NoVgorod (GOJ),Moscow (SVO),UWGG,UUEE,"A320,A20N",0:55,,12/12/2025 3:00pm
SU1220,Summer,Moscow (SVO),Nizhny Novgorod (GOJ),UUEE,UWGG,"A320,A321",0:50,,12/12/2025 3:00pm
SU1226,AFL,Moscow (SVO),Nizhny Novgorod (GOJ),UUEE,UWGG,"A320,A20N",0:50,,12/12/2025 3:00pm
SU1224,Winter,Moscow (SVO),Nizhny Novgorod (GOJ),UUEE,UWGG,A320,0:50,,12/12/2025 3:00pm
,,,,,,,,,
,,,,,,,,,
SU9910,Extra,Moscow Shr. (SVO),Pyongyang (KPY),UUEE,ZKPY,B77W,,,12/12/2025 3:00pm